,combined,aa,position,naive,total,Bfl1,BclB,Bcl2,BclW,BclXL,Mcl1,type
0,-0,-,0.0,314509,449737.0,2952.0,24523.0,159861.0,68577.0,186419.0,7405.0,0
1,C1,C,1.0,211,365.0,0.0,179.0,88.0,79.0,15.0,4.0,S
2,E1,E,1.0,283,1068.0,3.0,134.0,502.0,261.0,168.0,0.0,S
3,G1,G,1.0,1440,717.0,1.0,75.0,34.0,11.0,594.0,2.0,S
4,H1,H,1.0,40,0.0,0.0,0.0,0.0,0.0,0.0,0.0,S
5,K1,K,1.0,17,0.0,0.0,0.0,0.0,0.0,0.0,0.0,S
6,R1,R,1.0,510,1082.0,0.0,395.0,300.0,23.0,361.0,3.0,S
7,S1,S,1.0,106,79.0,0.0,0.0,76.0,1.0,2.0,0.0,S
8,V1,V,1.0,102,197.0,0.0,1.0,97.0,4.0,94.0,1.0,S
9,W1,W,1.0,89,59.0,1.0,2.0,52.0,0.0,4.0,0.0,S
10,A2,A,2.0,267,77.0,0.0,1.0,9.0,1.0,65.0,1.0,S
11,C2,C,2.0,330,306.0,1.0,106.0,9.0,6.0,184.0,0.0,S
12,G2,G,2.0,1554,619.0,1.0,6.0,206.0,7.0,396.0,3.0,S
13,L2,L,2.0,470,408.0,0.0,4.0,52.0,234.0,117.0,1.0,S
14,M2,M,2.0,136,119.0,0.0,0.0,5.0,4.0,110.0,0.0,S
15,R2,R,2.0,1022,881.0,1.0,294.0,213.0,11.0,358.0,4.0,S
16,S2,S,2.0,601,599.0,1.0,6.0,28.0,5.0,558.0,1.0,S
17,T2,T,2.0,171,184.0,1.0,3.0,170.0,2.0,8.0,0.0,S
18,V2,V,2.0,416,82.0,0.0,0.0,23.0,2.0,56.0,1.0,S
19,*3,*,3.0,598,0.0,0.0,0.0,0.0,0.0,0.0,0.0,B
20,A3,A,3.0,99,0.0,0.0,0.0,0.0,0.0,0.0,0.0,B
21,C3,C,3.0,485,215.0,1.0,0.0,56.0,0.0,158.0,0.0,B
22,G3,G,3.0,81,465.0,1.0,103.0,105.0,67.0,189.0,0.0,B
23,M3,M,3.0,11,0.0,0.0,0.0,0.0,0.0,0.0,0.0,B
24,R3,R,3.0,481,108.0,0.0,0.0,4.0,100.0,3.0,1.0,B
25,T3,T,3.0,3,0.0,0.0,0.0,0.0,0.0,0.0,0.0,B
26,V3,V,3.0,78,0.0,0.0,0.0,0.0,0.0,0.0,0.0,B
27,C4,C,4.0,228,575.0,1.0,185.0,131.0,95.0,159.0,4.0,S
28,E4,E,4.0,75,85.0,0.0,0.0,5.0,2.0,78.0,0.0,S
29,G4,G,4.0,356,645.0,1.0,12.0,259.0,13.0,359.0,1.0,S
30,M4,M,4.0,34,0.0,0.0,0.0,0.0,0.0,0.0,0.0,S
31,R4,R,4.0,313,0.0,0.0,0.0,0.0,0.0,0.0,0.0,S
32,S4,S,4.0,644,1923.0,1.0,216.0,502.0,404.0,712.0,88.0,S
33,V4,V,4.0,70,212.0,0.0,1.0,139.0,1.0,71.0,0.0,S
34,*5,*,5.0,271,0.0,0.0,0.0,0.0,0.0,0.0,0.0,S
35,A5,A,5.0,114,0.0,0.0,0.0,0.0,0.0,0.0,0.0,S
36,F5,F,5.0,65,83.0,0.0,1.0,23.0,1.0,58.0,0.0,S
37,G5,G,5.0,110,0.0,0.0,0.0,0.0,0.0,0.0,0.0,S
38,L5,L,5.0,355,364.0,1.0,5.0,131.0,146.0,80.0,1.0,S
39,P5,P,5.0,22,280.0,0.0,1.0,14.0,74.0,190.0,1.0,S
40,R5,R,5.0,716,829.0,1.0,3.0,328.0,119.0,297.0,81.0,S
41,T5,T,5.0,114,0.0,0.0,0.0,0.0,0.0,0.0,0.0,S
42,V5,V,5.0,340,781.0,1.0,8.0,139.0,191.0,441.0,1.0,S
43,Y5,Y,5.0,247,484.0,1.0,3.0,29.0,158.0,293.0,0.0,S
44,*6,*,6.0,154,0.0,0.0,0.0,0.0,0.0,0.0,0.0,C
45,A6,A,6.0,3,0.0,0.0,0.0,0.0,0.0,0.0,0.0,C
46,D6,D,6.0,100,174.0,0.0,0.0,101.0,4.0,69.0,0.0,C
47,G6,G,6.0,1055,1264.0,0.0,13.0,284.0,229.0,734.0,4.0,C
48,I6,I,6.0,136,10.0,0.0,0.0,0.0,0.0,10.0,0.0,C
49,L6,L,6.0,418,344.0,0.0,107.0,155.0,9.0,72.0,1.0,C
50,M6,M,6.0,34,0.0,0.0,0.0,0.0,0.0,0.0,0.0,C
51,N6,N,6.0,104,272.0,0.0,3.0,244.0,6.0,18.0,1.0,C
52,Q6,Q,6.0,186,553.0,1.0,6.0,360.0,163.0,23.0,0.0,C
53,R6,R,6.0,663,0.0,0.0,0.0,0.0,0.0,0.0,0.0,C
54,T6,T,6.0,345,680.0,0.0,96.0,238.0,101.0,245.0,0.0,C
55,W6,W,6.0,212,99.0,0.0,0.0,2.0,1.0,96.0,0.0,C
56,*7,*,7.0,171,0.0,0.0,0.0,0.0,0.0,0.0,0.0,B
57,A7,A,7.0,865,650.0,0.0,4.0,236.0,97.0,311.0,2.0,B
58,E7,E,7.0,838,2210.0,2.0,312.0,657.0,259.0,972.0,8.0,B
59,F7,F,7.0,160,0.0,0.0,0.0,0.0,0.0,0.0,0.0,B
60,G7,G,7.0,845,119.0,0.0,0.0,110.0,4.0,5.0,0.0,B
61,M7,M,7.0,3,1.0,0.0,0.0,0.0,0.0,1.0,0.0,B
62,Q7,Q,7.0,41,103.0,0.0,1.0,6.0,2.0,94.0,0.0,B
63,R7,R,7.0,813,912.0,2.0,152.0,398.0,93.0,266.0,1.0,B
64,S7,S,7.0,604,1146.0,307.0,143.0,329.0,123.0,242.0,2.0,B
65,T7,T,7.0,228,132.0,0.0,0.0,8.0,117.0,7.0,0.0,B
66,V7,V,7.0,694,1311.0,0.0,10.0,355.0,372.0,572.0,2.0,B
67,W7,W,7.0,337,268.0,1.0,88.0,90.0,2.0,86.0,1.0,B
68,C8,C,8.0,257,573.0,0.0,304.0,112.0,12.0,144.0,1.0,S
69,E8,E,8.0,11,85.0,0.0,1.0,79.0,2.0,3.0,0.0,S
70,F8,F,8.0,429,675.0,2.0,3.0,202.0,106.0,216.0,146.0,S
71,G8,G,8.0,1009,856.0,1.0,118.0,304.0,13.0,420.0,0.0,S
72,L8,L,8.0,265,12.0,0.0,0.0,11.0,0.0,1.0,0.0,S
73,M8,M,8.0,105,0.0,0.0,0.0,0.0,0.0,0.0,0.0,S
74,Q8,Q,8.0,280,0.0,0.0,0.0,0.0,0.0,0.0,0.0,S
75,S8,S,8.0,117,78.0,0.0,0.0,75.0,1.0,2.0,0.0,S
76,T8,T,8.0,54,0.0,0.0,0.0,0.0,0.0,0.0,0.0,S
77,W8,W,8.0,219,86.0,0.0,1.0,6.0,2.0,77.0,0.0,S
78,A9,A,9.0,12,339.0,0.0,160.0,85.0,80.0,14.0,0.0,S
79,C9,C,9.0,160,0.0,0.0,0.0,0.0,0.0,0.0,0.0,S
80,D9,D,9.0,1927,1979.0,3.0,201.0,802.0,500.0,467.0,6.0,S
81,F9,F,9.0,6,0.0,0.0,0.0,0.0,0.0,0.0,0.0,S
82,G9,G,9.0,281,626.0,1.0,4.0,470.0,13.0,135.0,3.0,S
83,L9,L,9.0,343,572.0,2.0,5.0,125.0,265.0,175.0,0.0,S
84,N9,N,9.0,128,99.0,0.0,0.0,91.0,3.0,5.0,0.0,S
85,P9,P,9.0,166,815.0,4.0,5.0,302.0,18.0,269.0,217.0,S
86,Q9,Q,9.0,212,157.0,0.0,1.0,89.0,14.0,52.0,1.0,S
87,R9,R,9.0,427,448.0,0.0,0.0,190.0,9.0,248.0,1.0,S
88,S9,S,9.0,612,1978.0,3.0,132.0,581.0,363.0,754.0,145.0,S
89,V9,V,9.0,46,99.0,0.0,0.0,94.0,0.0,5.0,0.0,S
90,W9,W,9.0,187,0.0,0.0,0.0,0.0,0.0,0.0,0.0,S
91,C10,C,10.0,70,78.0,0.0,1.0,68.0,0.0,9.0,0.0,C
92,D10,D,10.0,263,0.0,0.0,0.0,0.0,0.0,0.0,0.0,C
93,E10,E,10.0,460,164.0,1.0,81.0,5.0,70.0,7.0,0.0,C
94,F10,F,10.0,195,1.0,0.0,1.0,0.0,0.0,0.0,0.0,C
95,G10,G,10.0,413,1048.0,94.0,8.0,451.0,181.0,313.0,1.0,C
96,K10,K,10.0,159,0.0,0.0,0.0,0.0,0.0,0.0,0.0,C
97,L10,L,10.0,155,76.0,0.0,1.0,70.0,0.0,4.0,1.0,C
98,M10,M,10.0,67,0.0,0.0,0.0,0.0,0.0,0.0,0.0,C
99,R10,R,10.0,16,0.0,0.0,0.0,0.0,0.0,0.0,0.0,C
100,S10,S,10.0,61,265.0,2.0,1.0,10.0,165.0,86.0,1.0,C
101,T10,T,10.0,507,1509.0,2.0,89.0,532.0,201.0,684.0,1.0,C
102,V10,V,10.0,450,112.0,0.0,0.0,4.0,2.0,106.0,0.0,C
103,W10,W,10.0,66,0.0,0.0,0.0,0.0,0.0,0.0,0.0,C
104,*11,*,11.0,512,0.0,0.0,0.0,0.0,0.0,0.0,0.0,S
105,A11,A,11.0,50,306.0,0.0,1.0,16.0,5.0,284.0,0.0,S
106,E11,E,11.0,216,1033.0,1.0,47.0,313.0,180.0,486.0,6.0,S
107,G11,G,11.0,913,1729.0,8.0,92.0,390.0,340.0,886.0,13.0,S
108,H11,H,11.0,1210,2539.0,3.0,21.0,1017.0,131.0,1362.0,5.0,S
109,I11,I,11.0,400,178.0,1.0,1.0,168.0,2.0,6.0,0.0,S
110,L11,L,11.0,22,87.0,0.0,3.0,5.0,3.0,76.0,0.0,S
111,R11,R,11.0,321,636.0,3.0,4.0,127.0,142.0,359.0,1.0,S
112,T11,T,11.0,173,0.0,0.0,0.0,0.0,0.0,0.0,0.0,S
113,V11,V,11.0,91,0.0,0.0,0.0,0.0,0.0,0.0,0.0,S
114,W11,W,11.0,168,0.0,0.0,0.0,0.0,0.0,0.0,0.0,S
115,Y11,Y,11.0,156,0.0,0.0,0.0,0.0,0.0,0.0,0.0,S
116,A12,A,12.0,223,1.0,0.0,0.0,1.0,0.0,0.0,0.0,S
117,C12,C,12.0,3,0.0,0.0,0.0,0.0,0.0,0.0,0.0,S
118,E12,E,12.0,726,864.0,2.0,9.0,374.0,240.0,154.0,85.0,S
119,F12,F,12.0,148,209.0,0.0,95.0,7.0,4.0,103.0,0.0,S
120,G12,G,12.0,1412,1963.0,2.0,10.0,488.0,181.0,1278.0,4.0,S
121,L12,L,12.0,235,91.0,0.0,0.0,3.0,0.0,88.0,0.0,S
122,M12,M,12.0,110,83.0,0.0,0.0,8.0,71.0,4.0,0.0,S
123,R12,R,12.0,323,101.0,1.0,0.0,31.0,59.0,9.0,1.0,S
124,S12,S,12.0,1028,995.0,0.0,5.0,665.0,81.0,241.0,3.0,S
125,V12,V,12.0,602,280.0,1.0,3.0,34.0,69.0,171.0,2.0,S
126,W12,W,12.0,19,0.0,0.0,0.0,0.0,0.0,0.0,0.0,S
127,A13,A,13.0,504,245.0,0.0,1.0,89.0,91.0,12.0,52.0,B
128,C13,C,13.0,635,118.0,0.0,2.0,108.0,3.0,5.0,0.0,B
129,D13,D,13.0,100,278.0,1.0,1.0,102.0,3.0,171.0,0.0,B
130,G13,G,13.0,597,807.0,0.0,4.0,393.0,120.0,288.0,2.0,B
131,H13,H,13.0,90,103.0,0.0,0.0,3.0,0.0,100.0,0.0,B
132,I13,I,13.0,292,0.0,0.0,0.0,0.0,0.0,0.0,0.0,B
133,K13,K,13.0,139,0.0,0.0,0.0,0.0,0.0,0.0,0.0,B
134,L13,L,13.0,319,4.0,0.0,0.0,4.0,0.0,0.0,0.0,B
135,M13,M,13.0,50,0.0,0.0,0.0,0.0,0.0,0.0,0.0,B
136,P13,P,13.0,458,117.0,112.0,1.0,0.0,0.0,4.0,0.0,B
137,S13,S,13.0,42,0.0,0.0,0.0,0.0,0.0,0.0,0.0,B
138,T13,T,13.0,458,400.0,1.0,3.0,13.0,5.0,377.0,1.0,B
139,V13,V,13.0,427,114.0,0.0,2.0,94.0,2.0,16.0,0.0,B
140,W13,W,13.0,162,0.0,0.0,0.0,0.0,0.0,0.0,0.0,B
141,C14,C,14.0,87,121.0,1.0,0.0,107.0,3.0,10.0,0.0,C
142,D14,D,14.0,279,323.0,0.0,3.0,182.0,33.0,105.0,0.0,C
143,E14,E,14.0,3,0.0,0.0,0.0,0.0,0.0,0.0,0.0,C
144,F14,F,14.0,52,0.0,0.0,0.0,0.0,0.0,0.0,0.0,C
145,G14,G,14.0,800,1331.0,1.0,6.0,556.0,202.0,562.0,4.0,C
146,L14,L,14.0,46,0.0,0.0,0.0,0.0,0.0,0.0,0.0,C
147,M14,M,14.0,904,337.0,0.0,1.0,86.0,76.0,174.0,0.0,C
148,N14,N,14.0,844,1556.0,2.0,237.0,289.0,187.0,828.0,13.0,C
149,P14,P,14.0,203,0.0,0.0,0.0,0.0,0.0,0.0,0.0,C
150,R14,R,14.0,755,495.0,1.0,4.0,354.0,8.0,128.0,0.0,C
151,S14,S,14.0,323,478.0,1.0,3.0,207.0,12.0,255.0,0.0,C
152,T14,T,14.0,11,224.0,0.0,0.0,18.0,9.0,196.0,1.0,C
153,V14,V,14.0,397,370.0,2.0,3.0,115.0,4.0,245.0,1.0,C
154,W14,W,14.0,300,121.0,1.0,2.0,9.0,2.0,107.0,0.0,C
155,Y14,Y,14.0,135,371.0,1.0,1.0,158.0,80.0,131.0,0.0,C
156,*15,*,15.0,597,2547.0,735.0,140.0,1086.0,142.0,330.0,114.0,S
157,A15,A,15.0,363,16.0,0.0,0.0,16.0,0.0,0.0,0.0,S
158,C15,C,15.0,790,619.0,1.0,72.0,269.0,143.0,131.0,3.0,S
159,D15,D,15.0,80,232.0,1.0,3.0,217.0,0.0,11.0,0.0,S
160,F15,F,15.0,386,484.0,1.0,2.0,116.0,7.0,356.0,2.0,S
161,G15,G,15.0,754,735.0,1.0,96.0,299.0,20.0,319.0,0.0,S
162,L15,L,15.0,134,152.0,0.0,19.0,90.0,4.0,39.0,0.0,S
163,P15,P,15.0,169,0.0,0.0,0.0,0.0,0.0,0.0,0.0,S
164,Q15,Q,15.0,226,83.0,0.0,1.0,3.0,2.0,77.0,0.0,S
165,R15,R,15.0,102,0.0,0.0,0.0,0.0,0.0,0.0,0.0,S
166,S15,S,15.0,308,96.0,0.0,2.0,70.0,1.0,22.0,1.0,S
167,V15,V,15.0,262,23.0,0.0,1.0,16.0,4.0,2.0,0.0,S
168,W15,W,15.0,293,0.0,0.0,0.0,0.0,0.0,0.0,0.0,S
169,*16,*,16.0,65,0.0,0.0,0.0,0.0,0.0,0.0,0.0,S
170,A16,A,16.0,289,102.0,0.0,2.0,92.0,1.0,7.0,0.0,S
171,C16,C,16.0,114,201.0,1.0,4.0,72.0,3.0,121.0,0.0,S
172,E16,E,16.0,3,0.0,0.0,0.0,0.0,0.0,0.0,0.0,S
173,G16,G,16.0,1503,1749.0,1.0,15.0,1256.0,173.0,299.0,5.0,S
174,K16,K,16.0,159,0.0,0.0,0.0,0.0,0.0,0.0,0.0,S
175,L16,L,16.0,146,231.0,0.0,36.0,27.0,150.0,17.0,1.0,S
176,P16,P,16.0,261,412.0,1.0,4.0,17.0,89.0,299.0,2.0,S
177,R16,R,16.0,51,83.0,0.0,2.0,73.0,1.0,7.0,0.0,S
178,S16,S,16.0,291,13.0,0.0,0.0,11.0,1.0,1.0,0.0,S
179,T16,T,16.0,308,316.0,0.0,1.0,21.0,100.0,194.0,0.0,S
180,V16,V,16.0,1278,3162.0,6.0,177.0,1505.0,512.0,926.0,36.0,S
181,W16,W,16.0,253,57.0,0.0,2.0,15.0,2.0,38.0,0.0,S
182,*17,*,17.0,75,0.0,0.0,0.0,0.0,0.0,0.0,0.0,C
183,A17,A,17.0,169,106.0,0.0,1.0,50.0,1.0,54.0,0.0,C
184,C17,C,17.0,239,100.0,0.0,0.0,7.0,0.0,93.0,0.0,C
185,D17,D,17.0,14,0.0,0.0,0.0,0.0,0.0,0.0,0.0,C
186,E17,E,17.0,464,1184.0,2.0,9.0,653.0,19.0,500.0,1.0,C
187,F17,F,17.0,448,67.0,0.0,0.0,61.0,1.0,5.0,0.0,C
188,G17,G,17.0,32,0.0,0.0,0.0,0.0,0.0,0.0,0.0,C
189,I17,I,17.0,336,520.0,2.0,118.0,197.0,10.0,192.0,1.0,C
190,L17,L,17.0,241,16.0,0.0,0.0,16.0,0.0,0.0,0.0,C
191,N17,N,17.0,419,1086.0,0.0,7.0,364.0,615.0,96.0,4.0,C
192,P17,P,17.0,4,0.0,0.0,0.0,0.0,0.0,0.0,0.0,C
193,Q17,Q,17.0,329,1278.0,1.0,7.0,588.0,411.0,265.0,6.0,C
194,R17,R,17.0,229,1341.0,0.0,10.0,722.0,217.0,392.0,0.0,C
195,W17,W,17.0,121,0.0,0.0,0.0,0.0,0.0,0.0,0.0,C
196,*18,*,18.0,1090,0.0,0.0,0.0,0.0,0.0,0.0,0.0,C
197,A18,A,18.0,147,0.0,0.0,0.0,0.0,0.0,0.0,0.0,C
198,C18,C,18.0,208,470.0,0.0,2.0,146.0,7.0,267.0,48.0,C
199,E18,E,18.0,301,2387.0,5.0,14.0,764.0,608.0,918.0,78.0,C
200,F18,F,18.0,167,13.0,0.0,1.0,11.0,0.0,1.0,0.0,C
201,G18,G,18.0,1012,1968.0,4.0,115.0,825.0,363.0,657.0,4.0,C
202,H18,H,18.0,422,2066.0,5.0,15.0,576.0,493.0,974.0,3.0,C
203,M18,M,18.0,144,0.0,0.0,0.0,0.0,0.0,0.0,0.0,C
204,R18,R,18.0,652,781.0,3.0,98.0,109.0,266.0,303.0,2.0,C
205,T18,T,18.0,522,1897.0,1.0,142.0,602.0,588.0,560.0,4.0,C
206,W18,W,18.0,51,0.0,0.0,0.0,0.0,0.0,0.0,0.0,C
207,G19,G,19.0,1149,2585.0,1.0,149.0,943.0,583.0,899.0,10.0,S
208,K19,K,19.0,577,548.0,0.0,90.0,70.0,14.0,373.0,1.0,S
209,L19,L,19.0,149,1166.0,1.0,9.0,595.0,267.0,290.0,4.0,S
210,M19,M,19.0,41,117.0,0.0,0.0,9.0,98.0,10.0,0.0,S
211,Q19,Q,19.0,3,0.0,0.0,0.0,0.0,0.0,0.0,0.0,S
212,S19,S,19.0,25,0.0,0.0,0.0,0.0,0.0,0.0,0.0,S
213,T19,T,19.0,493,929.0,0.0,95.0,361.0,92.0,378.0,3.0,S
214,V19,V,19.0,485,1115.0,1.0,5.0,303.0,147.0,658.0,1.0,S
215,W19,W,19.0,745,1848.0,3.0,180.0,445.0,253.0,958.0,9.0,S
216,Y19,Y,19.0,152,36.0,0.0,30.0,3.0,0.0,3.0,0.0,S
217,I20,I,20.0,81,107.0,0.0,1.0,97.0,4.0,5.0,0.0,IP
218,P20,P,20.0,143,0.0,0.0,0.0,0.0,0.0,0.0,0.0,IP
219,W20,W,20.0,130,0.0,0.0,0.0,0.0,0.0,0.0,0.0,IP
220,A21,A,21.0,72,0.0,0.0,0.0,0.0,0.0,0.0,0.0,C
221,D21,D,21.0,61,0.0,0.0,0.0,0.0,0.0,0.0,0.0,C
222,F21,F,21.0,353,772.0,2.0,3.0,124.0,133.0,433.0,77.0,C
223,G21,G,21.0,572,187.0,0.0,4.0,10.0,8.0,165.0,0.0,C
224,M21,M,21.0,92,107.0,0.0,0.0,100.0,2.0,5.0,0.0,C
225,N21,N,21.0,746,1774.0,1.0,277.0,406.0,214.0,874.0,2.0,C
226,R21,R,21.0,80,0.0,0.0,0.0,0.0,0.0,0.0,0.0,C
227,S21,S,21.0,520,453.0,0.0,9.0,103.0,92.0,249.0,0.0,C
228,V21,V,21.0,29,0.0,0.0,0.0,0.0,0.0,0.0,0.0,C
229,W21,W,21.0,50,120.0,0.0,0.0,5.0,110.0,4.0,1.0,C
230,A22,A,22.0,468,382.0,1.0,21.0,180.0,140.0,36.0,4.0,B
231,E22,E,22.0,658,2108.0,1.0,89.0,1042.0,175.0,694.0,107.0,B
232,G22,G,22.0,1214,3126.0,6.0,262.0,1326.0,532.0,912.0,88.0,B
233,H22,H,22.0,195,1126.0,1.0,231.0,356.0,17.0,517.0,4.0,B
234,L22,L,22.0,159,53.0,0.0,1.0,46.0,2.0,4.0,0.0,B
235,M22,M,22.0,390,190.0,0.0,1.0,7.0,2.0,180.0,0.0,B
236,P22,P,22.0,331,0.0,0.0,0.0,0.0,0.0,0.0,0.0,B
237,R22,R,22.0,105,102.0,0.0,0.0,96.0,0.0,5.0,1.0,B
238,S22,S,22.0,1629,4116.0,5.0,197.0,1441.0,310.0,2031.0,132.0,B
239,T22,T,22.0,292,163.0,0.0,1.0,6.0,82.0,74.0,0.0,B
240,V22,V,22.0,572,311.0,1.0,0.0,159.0,5.0,144.0,2.0,B
241,W22,W,22.0,242,537.0,0.0,1.0,85.0,165.0,130.0,156.0,B
242,A23,A,23.0,60,313.0,2.0,5.0,14.0,55.0,236.0,1.0,S
243,E23,E,23.0,648,1180.0,2.0,99.0,523.0,223.0,332.0,1.0,S
244,F23,F,23.0,26,6.0,0.0,0.0,0.0,0.0,6.0,0.0,S
245,L23,L,23.0,34,20.0,0.0,0.0,19.0,1.0,0.0,0.0,S
246,M23,M,23.0,193,207.0,0.0,1.0,193.0,2.0,11.0,0.0,S
247,P23,P,23.0,310,283.0,0.0,1.0,154.0,8.0,120.0,0.0,S
248,S23,S,23.0,213,0.0,0.0,0.0,0.0,0.0,0.0,0.0,S
249,T23,T,23.0,144,324.0,0.0,27.0,12.0,190.0,95.0,0.0,S
250,A24,A,24.0,72,0.0,0.0,0.0,0.0,0.0,0.0,0.0,IP
251,C24,C,24.0,39,0.0,0.0,0.0,0.0,0.0,0.0,0.0,IP
252,D24,D,24.0,65,555.0,0.0,6.0,514.0,9.0,25.0,1.0,IP
253,G24,G,24.0,365,0.0,0.0,0.0,0.0,0.0,0.0,0.0,IP
254,K24,K,24.0,24,0.0,0.0,0.0,0.0,0.0,0.0,0.0,IP
255,L24,L,24.0,96,12.0,0.0,0.0,11.0,0.0,1.0,0.0,IP
256,P24,P,24.0,181,0.0,0.0,0.0,0.0,0.0,0.0,0.0,IP
257,Q24,Q,24.0,291,75.0,0.0,1.0,3.0,1.0,69.0,1.0,IP
258,R24,R,24.0,159,0.0,0.0,0.0,0.0,0.0,0.0,0.0,IP
259,S24,S,24.0,365,0.0,0.0,0.0,0.0,0.0,0.0,0.0,IP
260,V24,V,24.0,108,70.0,0.0,0.0,3.0,1.0,66.0,0.0,IP
261,E25,E,25.0,28,144.0,1.0,1.0,5.0,1.0,136.0,0.0,C
262,G25,G,25.0,548,643.0,0.0,4.0,274.0,84.0,281.0,0.0,C
263,M25,M,25.0,55,141.0,1.0,1.0,7.0,3.0,77.0,52.0,C
264,R25,R,25.0,58,0.0,0.0,0.0,0.0,0.0,0.0,0.0,C
265,T25,T,25.0,24,126.0,0.0,0.0,4.0,114.0,8.0,0.0,C
266,*26,*,26.0,109,0.0,0.0,0.0,0.0,0.0,0.0,0.0,B
267,A26,A,26.0,620,442.0,0.0,4.0,177.0,242.0,19.0,0.0,B
268,D26,D,26.0,353,939.0,0.0,38.0,199.0,102.0,528.0,72.0,B
269,G26,G,26.0,556,484.0,1.0,96.0,66.0,103.0,218.0,0.0,B
270,P26,P,26.0,296,10.0,0.0,0.0,1.0,0.0,9.0,0.0,B
271,R26,R,26.0,864,581.0,0.0,3.0,115.0,353.0,107.0,3.0,B
272,S26,S,26.0,536,471.0,1.0,3.0,102.0,8.0,357.0,0.0,B
273,V26,V,26.0,664,0.0,0.0,0.0,0.0,0.0,0.0,0.0,B
274,A27,A,27.0,128,184.0,0.0,0.0,168.0,6.0,9.0,1.0,S
275,F27,F,27.0,20,0.0,0.0,0.0,0.0,0.0,0.0,0.0,S
276,G27,G,27.0,370,533.0,2.0,6.0,38.0,136.0,343.0,8.0,S
277,H27,H,27.0,130,91.0,0.0,0.0,84.0,1.0,6.0,0.0,S
278,I27,I,27.0,52,95.0,0.0,1.0,86.0,3.0,5.0,0.0,S
279,K27,K,27.0,626,0.0,0.0,0.0,0.0,0.0,0.0,0.0,S
280,L27,L,27.0,401,330.0,0.0,0.0,35.0,7.0,287.0,1.0,S
281,M27,M,27.0,158,190.0,0.0,109.0,69.0,2.0,9.0,1.0,S
282,N27,N,27.0,914,0.0,0.0,0.0,0.0,0.0,0.0,0.0,S
283,P27,P,27.0,21,0.0,0.0,0.0,0.0,0.0,0.0,0.0,S
284,Q27,Q,27.0,20,111.0,0.0,1.0,99.0,3.0,7.0,1.0,S
285,R27,R,27.0,199,1.0,0.0,0.0,1.0,0.0,0.0,0.0,S
286,S27,S,27.0,685,177.0,1.0,32.0,40.0,101.0,3.0,0.0,S
287,T27,T,27.0,618,730.0,1.0,3.0,415.0,25.0,284.0,2.0,S
288,V27,V,27.0,17,0.0,0.0,0.0,0.0,0.0,0.0,0.0,S
289,W27,W,27.0,217,0.0,0.0,0.0,0.0,0.0,0.0,0.0,S
290,D28,D,28.0,528,0.0,0.0,0.0,0.0,0.0,0.0,0.0,C
291,G28,G,28.0,735,2294.0,3.0,327.0,420.0,293.0,1241.0,10.0,C
292,P28,P,28.0,71,341.0,0.0,4.0,320.0,4.0,13.0,0.0,C
293,R28,R,28.0,115,699.0,1.0,3.0,542.0,69.0,84.0,0.0,C
294,V28,V,28.0,160,32.0,1.0,0.0,0.0,0.0,31.0,0.0,C
295,W28,W,28.0,207,267.0,0.0,2.0,90.0,3.0,172.0,0.0,C
296,*29,*,29.0,3,0.0,0.0,0.0,0.0,0.0,0.0,0.0,B
297,A29,A,29.0,20,112.0,0.0,1.0,101.0,1.0,8.0,1.0,B
298,D29,D,29.0,870,1808.0,1.0,14.0,712.0,225.0,853.0,3.0,B
299,G29,G,29.0,344,562.0,2.0,99.0,186.0,32.0,243.0,0.0,B
300,L29,L,29.0,378,290.0,0.0,6.0,186.0,6.0,90.0,2.0,B
301,M29,M,29.0,108,176.0,1.0,0.0,164.0,1.0,9.0,1.0,B
302,Q29,Q,29.0,73,0.0,0.0,0.0,0.0,0.0,0.0,0.0,B
303,R29,R,29.0,543,1046.0,2.0,181.0,218.0,110.0,532.0,3.0,B
304,V29,V,29.0,292,310.0,0.0,2.0,14.0,5.0,288.0,1.0,B
305,W29,W,29.0,395,451.0,1.0,174.0,85.0,4.0,185.0,2.0,B
306,A30,A,30.0,103,176.0,0.0,68.0,97.0,4.0,7.0,0.0,S
307,C30,C,30.0,795,1490.0,4.0,39.0,633.0,275.0,538.0,1.0,S
308,E30,E,30.0,100,219.0,0.0,6.0,193.0,2.0,18.0,0.0,S
309,G30,G,30.0,203,57.0,0.0,0.0,54.0,2.0,1.0,0.0,S
310,I30,I,30.0,569,1758.0,3.0,245.0,805.0,39.0,662.0,4.0,S
311,L30,L,30.0,347,201.0,0.0,1.0,165.0,25.0,10.0,0.0,S
312,M30,M,30.0,496,251.0,0.0,0.0,63.0,5.0,182.0,1.0,S
313,N30,N,30.0,60,1.0,0.0,0.0,0.0,0.0,1.0,0.0,S
314,P30,P,30.0,87,463.0,1.0,5.0,285.0,97.0,75.0,0.0,S
315,R30,R,30.0,109,164.0,0.0,99.0,10.0,3.0,52.0,0.0,S
316,S30,S,30.0,933,2296.0,2.0,186.0,500.0,406.0,1034.0,168.0,S
317,V30,V,30.0,830,2163.0,3.0,237.0,864.0,766.0,289.0,4.0,S
318,Y30,Y,30.0,3,0.0,0.0,0.0,0.0,0.0,0.0,0.0,S
319,A31,A,31.0,11,0.0,0.0,0.0,0.0,0.0,0.0,0.0,B
320,C31,C,31.0,304,0.0,0.0,0.0,0.0,0.0,0.0,0.0,B
321,D31,D,31.0,138,0.0,0.0,0.0,0.0,0.0,0.0,0.0,B
322,F31,F,31.0,22,0.0,0.0,0.0,0.0,0.0,0.0,0.0,B
323,G31,G,31.0,235,167.0,0.0,31.0,67.0,4.0,65.0,0.0,B
324,L31,L,31.0,73,0.0,0.0,0.0,0.0,0.0,0.0,0.0,B
325,N31,N,31.0,66,139.0,0.0,0.0,9.0,41.0,88.0,1.0,B
326,P31,P,31.0,207,606.0,0.0,7.0,179.0,91.0,159.0,170.0,B
327,Q31,Q,31.0,14,0.0,0.0,0.0,0.0,0.0,0.0,0.0,B
328,R31,R,31.0,274,0.0,0.0,0.0,0.0,0.0,0.0,0.0,B
329,S31,S,31.0,925,606.0,2.0,4.0,205.0,81.0,263.0,51.0,B
330,V31,V,31.0,54,93.0,0.0,0.0,5.0,3.0,85.0,0.0,B
331,Y31,Y,31.0,33,0.0,0.0,0.0,0.0,0.0,0.0,0.0,B
332,*32,*,32.0,45,0.0,0.0,0.0,0.0,0.0,0.0,0.0,C
333,C32,C,32.0,359,448.0,1.0,5.0,191.0,145.0,104.0,2.0,C
334,D32,D,32.0,136,0.0,0.0,0.0,0.0,0.0,0.0,0.0,C
335,F32,F,32.0,217,6.0,0.0,0.0,0.0,0.0,6.0,0.0,C
336,G32,G,32.0,1333,835.0,0.0,3.0,378.0,91.0,277.0,86.0,C
337,K32,K,32.0,279,1418.0,3.0,25.0,650.0,183.0,556.0,1.0,C
338,L32,L,32.0,631,713.0,1.0,94.0,165.0,10.0,441.0,2.0,C
339,M32,M,32.0,443,1772.0,178.0,121.0,1045.0,63.0,194.0,171.0,C
340,R32,R,32.0,537,1223.0,1.0,11.0,354.0,101.0,754.0,2.0,C
341,S32,S,32.0,687,1703.0,2.0,187.0,493.0,113.0,905.0,3.0,C
342,T32,T,32.0,229,188.0,0.0,26.0,13.0,1.0,148.0,0.0,C
343,V32,V,32.0,119,25.0,0.0,0.0,24.0,1.0,0.0,0.0,C
344,W32,W,32.0,65,132.0,1.0,1.0,5.0,2.0,8.0,115.0,C
345,Y32,Y,32.0,265,263.0,0.0,2.0,154.0,7.0,100.0,0.0,C
346,*33,*,33.0,634,0.0,0.0,0.0,0.0,0.0,0.0,0.0,S
347,A33,A,33.0,171,537.0,0.0,66.0,112.0,7.0,349.0,3.0,S
348,D33,D,33.0,541,2856.0,6.0,174.0,1287.0,137.0,1248.0,4.0,S
349,E33,E,33.0,13,0.0,0.0,0.0,0.0,0.0,0.0,0.0,S
350,F33,F,33.0,961,1411.0,81.0,91.0,263.0,256.0,637.0,83.0,S
351,G33,G,33.0,2330,6053.0,90.0,516.0,1512.0,650.0,3277.0,8.0,S
352,H33,H,33.0,172,173.0,1.0,2.0,24.0,5.0,141.0,0.0,S
353,L33,L,33.0,180,350.0,0.0,3.0,16.0,306.0,24.0,1.0,S
354,N33,N,33.0,241,603.0,0.0,86.0,32.0,235.0,249.0,1.0,S
355,P33,P,33.0,245,152.0,1.0,2.0,137.0,3.0,7.0,2.0,S
356,S33,S,33.0,614,730.0,1.0,101.0,156.0,234.0,236.0,2.0,S
357,T33,T,33.0,30,0.0,0.0,0.0,0.0,0.0,0.0,0.0,S
358,V33,V,33.0,85,36.0,0.0,0.0,1.0,0.0,35.0,0.0,S
359,Y33,Y,33.0,98,199.0,2.0,3.0,9.0,3.0,182.0,0.0,S
360,*34,*,34.0,700,0.0,0.0,0.0,0.0,0.0,0.0,0.0,S
361,A34,A,34.0,388,232.0,1.0,2.0,78.0,3.0,148.0,0.0,S
362,E34,E,34.0,658,1050.0,1.0,15.0,572.0,18.0,428.0,16.0,S
363,G34,G,34.0,1102,2384.0,4.0,298.0,653.0,282.0,1138.0,9.0,S
364,L34,L,34.0,138,1.0,0.0,0.0,1.0,0.0,0.0,0.0,S
365,M34,M,34.0,139,91.0,0.0,0.0,2.0,0.0,89.0,0.0,S
366,N34,N,34.0,487,1531.0,3.0,15.0,536.0,196.0,777.0,4.0,S
367,P34,P,34.0,19,0.0,0.0,0.0,0.0,0.0,0.0,0.0,S
368,Q34,Q,34.0,85,104.0,1.0,3.0,93.0,2.0,4.0,1.0,S
369,R34,R,34.0,636,879.0,1.0,10.0,182.0,26.0,657.0,3.0,S
370,S34,S,34.0,652,751.0,1.0,3.0,166.0,287.0,231.0,63.0,S
371,V34,V,34.0,1092,2621.0,4.0,86.0,939.0,636.0,946.0,10.0,S
372,*35,*,35.0,917,0.0,0.0,0.0,0.0,0.0,0.0,0.0,S
373,A35,A,35.0,539,1662.0,4.0,73.0,599.0,432.0,550.0,4.0,S
374,C35,C,35.0,214,315.0,1.0,37.0,250.0,8.0,19.0,0.0,S
375,D35,D,35.0,73,375.0,1.0,1.0,260.0,2.0,110.0,1.0,S
376,E35,E,35.0,247,1247.0,0.0,7.0,346.0,319.0,570.0,5.0,S
377,F35,F,35.0,208,587.0,1.0,2.0,176.0,253.0,155.0,0.0,S
378,G35,G,35.0,741,1318.0,0.0,11.0,580.0,17.0,706.0,4.0,S
379,I35,I,35.0,218,103.0,0.0,0.0,96.0,2.0,5.0,0.0,S
380,Q35,Q,35.0,295,1496.0,1.0,62.0,447.0,282.0,702.0,2.0,S
381,R35,R,35.0,485,1644.0,0.0,102.0,509.0,424.0,606.0,3.0,S
382,S35,S,35.0,42,484.0,1.0,3.0,236.0,93.0,149.0,2.0,S
383,V35,V,35.0,208,198.0,0.0,2.0,180.0,3.0,13.0,0.0,S
384,W35,W,35.0,95,0.0,0.0,0.0,0.0,0.0,0.0,0.0,S
385,*36,*,36.0,22,0.0,0.0,0.0,0.0,0.0,0.0,0.0,S
386,A36,A,36.0,556,0.0,0.0,0.0,0.0,0.0,0.0,0.0,S
387,C36,C,36.0,237,0.0,0.0,0.0,0.0,0.0,0.0,0.0,S
388,E36,E,36.0,228,18.0,0.0,0.0,17.0,1.0,0.0,0.0,S
389,G36,G,36.0,445,1.0,0.0,0.0,0.0,0.0,1.0,0.0,S
390,H36,H,36.0,71,0.0,0.0,0.0,0.0,0.0,0.0,0.0,S
391,K36,K,36.0,691,283.0,0.0,3.0,16.0,244.0,19.0,1.0,S
392,L36,L,36.0,144,0.0,0.0,0.0,0.0,0.0,0.0,0.0,S
393,S36,S,36.0,387,174.0,0.0,1.0,14.0,138.0,21.0,0.0,S
394,V36,V,36.0,147,0.0,0.0,0.0,0.0,0.0,0.0,0.0,S
395,W36,W,36.0,296,0.0,0.0,0.0,0.0,0.0,0.0,0.0,S
396,*37,*,37.0,357,0.0,0.0,0.0,0.0,0.0,0.0,0.0,B
397,A37,A,37.0,125,596.0,1.0,297.0,122.0,9.0,165.0,2.0,B
398,C37,C,37.0,88,80.0,1.0,70.0,2.0,3.0,4.0,0.0,B
399,D37,D,37.0,79,322.0,0.0,1.0,41.0,5.0,206.0,69.0,B
400,G37,G,37.0,922,2261.0,91.0,89.0,971.0,256.0,841.0,13.0,B
401,I37,I,37.0,23,0.0,0.0,0.0,0.0,0.0,0.0,0.0,B
402,M37,M,37.0,39,126.0,0.0,0.0,117.0,3.0,6.0,0.0,B
403,P37,P,37.0,5,0.0,0.0,0.0,0.0,0.0,0.0,0.0,B
404,R37,R,37.0,309,475.0,1.0,4.0,209.0,9.0,250.0,2.0,B
405,S37,S,37.0,247,1283.0,3.0,7.0,351.0,173.0,748.0,1.0,B
406,V37,V,37.0,15,92.0,0.0,1.0,69.0,3.0,19.0,0.0,B
407,W37,W,37.0,536,202.0,0.0,107.0,8.0,6.0,81.0,0.0,B
408,A38,A,38.0,387,298.0,1.0,3.0,105.0,101.0,87.0,1.0,S
409,C38,C,38.0,145,0.0,0.0,0.0,0.0,0.0,0.0,0.0,S
410,E38,E,38.0,93,267.0,0.0,3.0,117.0,80.0,67.0,0.0,S
411,F38,F,38.0,17,0.0,0.0,0.0,0.0,0.0,0.0,0.0,S
412,G38,G,38.0,724,1004.0,0.0,194.0,145.0,391.0,270.0,4.0,S
413,L38,L,38.0,93,106.0,0.0,2.0,8.0,3.0,4.0,89.0,S
414,M38,M,38.0,183,235.0,0.0,5.0,172.0,9.0,49.0,0.0,S
415,N38,N,38.0,716,1076.0,3.0,8.0,451.0,70.0,540.0,4.0,S
416,R38,R,38.0,53,0.0,0.0,0.0,0.0,0.0,0.0,0.0,S
417,S38,S,38.0,1035,1215.0,2.0,178.0,243.0,27.0,764.0,1.0,S
418,V38,V,38.0,1832,2287.0,2.0,179.0,1210.0,612.0,212.0,72.0,S
419,A39,A,39.0,793,264.0,1.0,3.0,126.0,3.0,130.0,1.0,S
420,D39,D,39.0,43,264.0,0.0,2.0,145.0,5.0,111.0,1.0,S
421,G39,G,39.0,619,657.0,1.0,113.0,141.0,168.0,233.0,1.0,S
422,H39,H,39.0,113,16.0,0.0,0.0,15.0,0.0,1.0,0.0,S
423,I39,I,39.0,355,352.0,0.0,3.0,131.0,5.0,212.0,1.0,S
424,L39,L,39.0,133,676.0,1.0,3.0,401.0,102.0,168.0,1.0,S
425,N39,N,39.0,259,253.0,0.0,1.0,238.0,1.0,13.0,0.0,S
426,P39,P,39.0,380,472.0,1.0,2.0,138.0,85.0,180.0,66.0,S
427,R39,R,39.0,385,175.0,0.0,1.0,90.0,68.0,15.0,1.0,S
428,V39,V,39.0,131,382.0,10.0,2.0,293.0,8.0,69.0,0.0,S
429,*40,*,40.0,3,0.0,0.0,0.0,0.0,0.0,0.0,0.0,S
430,A40,A,40.0,1485,632.0,0.0,4.0,226.0,161.0,240.0,1.0,S
431,D40,D,40.0,214,389.0,1.0,3.0,205.0,10.0,169.0,1.0,S
432,G40,G,40.0,376,559.0,1.0,97.0,128.0,13.0,320.0,0.0,S
433,H40,H,40.0,23,189.0,0.0,4.0,170.0,6.0,9.0,0.0,S
434,R40,R,40.0,239,51.0,0.0,1.0,48.0,0.0,1.0,1.0,S
435,S40,S,40.0,599,529.0,2.0,230.0,95.0,12.0,190.0,0.0,S
436,V40,V,40.0,1173,1067.0,2.0,6.0,220.0,22.0,813.0,4.0,S
437,W40,W,40.0,100,0.0,0.0,0.0,0.0,0.0,0.0,0.0,S
438,A41,A,41.0,6,400.0,0.0,5.0,62.0,7.0,326.0,0.0,B
439,G41,G,41.0,758,1290.0,3.0,170.0,478.0,269.0,363.0,7.0,B
440,L41,L,41.0,518,1266.0,0.0,9.0,454.0,99.0,702.0,2.0,B
441,N41,N,41.0,13,0.0,0.0,0.0,0.0,0.0,0.0,0.0,B
442,Q41,Q,41.0,109,87.0,0.0,0.0,4.0,2.0,81.0,0.0,B
443,R41,R,41.0,305,1596.0,3.0,100.0,520.0,501.0,469.0,3.0,B
444,T41,T,41.0,47,0.0,0.0,0.0,0.0,0.0,0.0,0.0,B
445,V41,V,41.0,832,2398.0,1.0,112.0,875.0,117.0,1286.0,7.0,B
446,W41,W,41.0,73,0.0,0.0,0.0,0.0,0.0,0.0,0.0,B
447,*42,*,42.0,861,0.0,0.0,0.0,0.0,0.0,0.0,0.0,B
448,C42,C,42.0,132,274.0,1.0,2.0,251.0,4.0,15.0,1.0,B
449,D42,D,42.0,48,117.0,0.0,1.0,109.0,2.0,5.0,0.0,B
450,G42,G,42.0,963,912.0,100.0,4.0,443.0,169.0,196.0,0.0,B
451,I42,I,42.0,16,0.0,0.0,0.0,0.0,0.0,0.0,0.0,B
452,K42,K,42.0,12,0.0,0.0,0.0,0.0,0.0,0.0,0.0,B
453,L42,L,42.0,488,613.0,0.0,9.0,155.0,8.0,441.0,0.0,B
454,S42,S,42.0,13,281.0,0.0,4.0,258.0,4.0,14.0,1.0,B
455,T42,T,42.0,113,197.0,0.0,3.0,115.0,6.0,73.0,0.0,B
456,V42,V,42.0,329,96.0,0.0,1.0,4.0,1.0,89.0,1.0,B
457,Y42,Y,42.0,566,362.0,1.0,69.0,19.0,173.0,99.0,1.0,B
458,A43,A,43.0,399,222.0,0.0,3.0,7.0,4.0,208.0,0.0,S
459,E43,E,43.0,985,1007.0,0.0,35.0,354.0,175.0,440.0,3.0,S
460,G43,G,43.0,835,666.0,1.0,92.0,268.0,18.0,286.0,1.0,S
461,H43,H,43.0,3,2.0,0.0,0.0,0.0,0.0,2.0,0.0,S
462,M43,M,43.0,3,1.0,0.0,0.0,0.0,0.0,1.0,0.0,S
463,N43,N,43.0,167,266.0,0.0,139.0,15.0,7.0,105.0,0.0,S
464,R43,R,43.0,543,1200.0,3.0,7.0,617.0,252.0,321.0,0.0,S
465,S43,S,43.0,201,31.0,0.0,0.0,4.0,0.0,27.0,0.0,S
466,V43,V,43.0,53,190.0,0.0,110.0,11.0,5.0,64.0,0.0,S
467,W43,W,43.0,338,7.0,0.0,1.0,0.0,0.0,6.0,0.0,S
468,Y43,Y,43.0,379,0.0,0.0,0.0,0.0,0.0,0.0,0.0,S
469,*44,*,44.0,74,0.0,0.0,0.0,0.0,0.0,0.0,0.0,IP
470,A44,A,44.0,28,0.0,0.0,0.0,0.0,0.0,0.0,0.0,IP
471,G44,G,44.0,703,0.0,0.0,0.0,0.0,0.0,0.0,0.0,IP
472,H44,H,44.0,94,0.0,0.0,0.0,0.0,0.0,0.0,0.0,IP
473,K44,K,44.0,119,0.0,0.0,0.0,0.0,0.0,0.0,0.0,IP
474,M44,M,44.0,16,0.0,0.0,0.0,0.0,0.0,0.0,0.0,IP
475,P44,P,44.0,247,289.0,1.0,0.0,15.0,5.0,180.0,88.0,IP
476,V44,V,44.0,566,0.0,0.0,0.0,0.0,0.0,0.0,0.0,IP
477,W44,W,44.0,66,0.0,0.0,0.0,0.0,0.0,0.0,0.0,IP
478,D45,D,45.0,219,349.0,0.0,91.0,107.0,9.0,142.0,0.0,C
479,E45,E,45.0,72,92.0,0.0,1.0,4.0,72.0,14.0,1.0,C
480,G45,G,45.0,238,308.0,0.0,1.0,88.0,197.0,22.0,0.0,C
481,L45,L,45.0,73,86.0,0.0,1.0,81.0,0.0,4.0,0.0,C
482,P45,P,45.0,7,0.0,0.0,0.0,0.0,0.0,0.0,0.0,C
483,R45,R,45.0,280,261.0,2.0,2.0,94.0,5.0,158.0,0.0,C
484,S45,S,45.0,1294,2842.0,3.0,52.0,1073.0,497.0,1212.0,5.0,C
485,V45,V,45.0,316,1415.0,3.0,10.0,450.0,197.0,752.0,3.0,C
486,W45,W,45.0,542,98.0,0.0,0.0,6.0,4.0,88.0,0.0,C
487,A46,A,46.0,181,447.0,1.0,3.0,98.0,133.0,211.0,1.0,IP
488,C46,C,46.0,54,0.0,0.0,0.0,0.0,0.0,0.0,0.0,IP
489,D46,D,46.0,23,38.0,0.0,0.0,38.0,0.0,0.0,0.0,IP
490,E46,E,46.0,316,583.0,1.0,2.0,103.0,9.0,466.0,2.0,IP
491,F46,F,46.0,185,112.0,1.0,0.0,4.0,100.0,7.0,0.0,IP
492,G46,G,46.0,1037,3360.0,3.0,242.0,1211.0,433.0,1463.0,8.0,IP
493,H46,H,46.0,177,544.0,1.0,6.0,105.0,84.0,287.0,61.0,IP
494,L46,L,46.0,719,804.0,0.0,72.0,234.0,58.0,357.0,83.0,IP
495,M46,M,46.0,28,0.0,0.0,0.0,0.0,0.0,0.0,0.0,IP
496,N46,N,46.0,44,120.0,0.0,0.0,42.0,3.0,6.0,69.0,IP
497,S46,S,46.0,154,626.0,3.0,2.0,392.0,60.0,128.0,41.0,IP
498,V46,V,46.0,876,876.0,0.0,85.0,268.0,180.0,341.0,2.0,IP
499,Y46,Y,46.0,330,525.0,1.0,4.0,434.0,12.0,72.0,2.0,IP
500,C47,C,47.0,85,167.0,0.0,2.0,159.0,2.0,4.0,0.0,IP
501,E47,E,47.0,59,536.0,1.0,2.0,409.0,92.0,32.0,0.0,IP
502,F47,F,47.0,228,263.0,0.0,106.0,15.0,111.0,29.0,2.0,IP
503,G47,G,47.0,788,2412.0,5.0,170.0,693.0,231.0,1230.0,83.0,IP
504,I47,I,47.0,179,785.0,0.0,5.0,99.0,221.0,458.0,2.0,IP
505,M47,M,47.0,565,2666.0,3.0,37.0,878.0,654.0,1085.0,9.0,IP
506,N47,N,47.0,51,377.0,0.0,2.0,87.0,6.0,282.0,0.0,IP
507,P47,P,47.0,221,963.0,3.0,5.0,298.0,324.0,271.0,62.0,IP
508,Q47,Q,47.0,234,1274.0,3.0,63.0,831.0,25.0,349.0,3.0,IP
509,R47,R,47.0,1395,6060.0,65.0,196.0,2074.0,749.0,2822.0,154.0,IP
510,S47,S,47.0,436,3968.0,1.0,26.0,1044.0,190.0,2700.0,7.0,IP
511,V47,V,47.0,215,0.0,0.0,0.0,0.0,0.0,0.0,0.0,IP
512,W47,W,47.0,201,267.0,0.0,2.0,16.0,4.0,245.0,0.0,IP
513,Y47,Y,47.0,138,274.0,0.0,3.0,219.0,5.0,47.0,0.0,IP
514,C48,C,48.0,165,219.0,0.0,1.0,193.0,10.0,15.0,0.0,IP
515,D48,D,48.0,243,1800.0,3.0,18.0,676.0,381.0,718.0,4.0,IP
516,F48,F,48.0,312,96.0,0.0,1.0,8.0,0.0,87.0,0.0,IP
517,G48,G,48.0,1063,2203.0,3.0,135.0,611.0,485.0,934.0,35.0,IP
518,K48,K,48.0,17,151.0,0.0,106.0,2.0,2.0,41.0,0.0,IP
519,L48,L,48.0,43,0.0,0.0,0.0,0.0,0.0,0.0,0.0,IP
520,P48,P,48.0,45,583.0,2.0,4.0,367.0,10.0,97.0,103.0,IP
521,Q48,Q,48.0,210,679.0,1.0,6.0,41.0,143.0,427.0,61.0,IP
522,R48,R,48.0,676,2691.0,98.0,174.0,792.0,611.0,1013.0,3.0,IP
523,S48,S,48.0,1497,4264.0,1.0,124.0,1173.0,1009.0,1943.0,14.0,IP
524,T48,T,48.0,667,2242.0,2.0,12.0,693.0,220.0,1313.0,2.0,IP
525,V48,V,48.0,13,0.0,0.0,0.0,0.0,0.0,0.0,0.0,IP
526,W48,W,48.0,137,0.0,0.0,0.0,0.0,0.0,0.0,0.0,IP
527,Y48,Y,48.0,255,182.0,0.0,0.0,53.0,58.0,71.0,0.0,IP
528,C49,C,49.0,311,1.0,0.0,1.0,0.0,0.0,0.0,0.0,C
529,E49,E,49.0,59,88.0,0.0,0.0,85.0,1.0,2.0,0.0,C
530,G49,G,49.0,2219,4316.0,6.0,557.0,1546.0,410.0,1791.0,6.0,C
531,L49,L,49.0,135,103.0,0.0,0.0,6.0,1.0,96.0,0.0,C
532,M49,M,49.0,512,288.0,0.0,4.0,69.0,18.0,197.0,0.0,C
533,P49,P,49.0,58,95.0,0.0,2.0,3.0,84.0,6.0,0.0,C
534,Q49,Q,49.0,29,0.0,0.0,0.0,0.0,0.0,0.0,0.0,C
535,R49,R,49.0,91,0.0,0.0,0.0,0.0,0.0,0.0,0.0,C
536,S49,S,49.0,174,189.0,0.0,1.0,100.0,4.0,84.0,0.0,C
537,T49,T,49.0,261,427.0,0.0,32.0,231.0,4.0,159.0,1.0,C
538,V49,V,49.0,27,0.0,0.0,0.0,0.0,0.0,0.0,0.0,C
539,W49,W,49.0,577,264.0,0.0,3.0,197.0,1.0,63.0,0.0,C
540,*50,*,50.0,74,0.0,0.0,0.0,0.0,0.0,0.0,0.0,IC
541,A50,A,50.0,277,446.0,1.0,5.0,21.0,101.0,318.0,0.0,IC
542,D50,D,50.0,22,1.0,0.0,0.0,0.0,0.0,1.0,0.0,IC
543,E50,E,50.0,337,1.0,0.0,0.0,1.0,0.0,0.0,0.0,IC
544,G50,G,50.0,77,397.0,0.0,2.0,18.0,9.0,368.0,0.0,IC
545,M50,M,50.0,143,0.0,0.0,0.0,0.0,0.0,0.0,0.0,IC
546,R50,R,50.0,50,172.0,0.0,0.0,85.0,1.0,85.0,1.0,IC
547,S50,S,50.0,464,1029.0,0.0,5.0,224.0,17.0,778.0,5.0,IC
548,V50,V,50.0,581,1070.0,0.0,6.0,440.0,179.0,442.0,3.0,IC
549,W50,W,50.0,101,0.0,0.0,0.0,0.0,0.0,0.0,0.0,IC
550,F51,F,51.0,370,0.0,0.0,0.0,0.0,0.0,0.0,0.0,IC
551,G51,G,51.0,1165,3913.0,113.0,116.0,598.0,1007.0,2070.0,9.0,IC
552,P51,P,51.0,14,0.0,0.0,0.0,0.0,0.0,0.0,0.0,IC
553,T51,T,51.0,122,790.0,2.0,5.0,175.0,196.0,411.0,1.0,IC
554,D52,D,52.0,120,93.0,0.0,1.0,87.0,0.0,5.0,0.0,C
555,F52,F,52.0,131,0.0,0.0,0.0,0.0,0.0,0.0,0.0,C
556,G52,G,52.0,934,2026.0,2.0,10.0,442.0,910.0,599.0,63.0,C
557,L52,L,52.0,865,234.0,1.0,2.0,94.0,5.0,132.0,0.0,C
558,P52,P,52.0,100,924.0,0.0,198.0,222.0,226.0,276.0,2.0,C
559,R52,R,52.0,738,4209.0,4.0,32.0,2259.0,589.0,1313.0,12.0,C
560,S52,S,52.0,634,859.0,3.0,9.0,391.0,321.0,132.0,3.0,C
561,V52,V,52.0,879,0.0,0.0,0.0,0.0,0.0,0.0,0.0,C
562,W52,W,52.0,699,305.0,0.0,2.0,103.0,5.0,193.0,2.0,C
563,*53,*,53.0,469,0.0,0.0,0.0,0.0,0.0,0.0,0.0,IP
564,C53,C,53.0,679,0.0,0.0,0.0,0.0,0.0,0.0,0.0,IP
565,D53,D,53.0,340,287.0,0.0,172.0,87.0,9.0,19.0,0.0,IP
566,E53,E,53.0,291,103.0,20.0,27.0,51.0,1.0,4.0,0.0,IP
567,G53,G,53.0,546,1.0,1.0,0.0,0.0,0.0,0.0,0.0,IP
568,H53,H,53.0,3,0.0,0.0,0.0,0.0,0.0,0.0,0.0,IP
569,K53,K,53.0,306,0.0,0.0,0.0,0.0,0.0,0.0,0.0,IP
570,L53,L,53.0,444,1.0,0.0,0.0,1.0,0.0,0.0,0.0,IP
571,M53,M,53.0,1176,250.0,1.0,1.0,94.0,60.0,94.0,0.0,IP
572,N53,N,53.0,232,456.0,1.0,4.0,118.0,98.0,235.0,0.0,IP
573,Q53,Q,53.0,88,42.0,0.0,1.0,38.0,2.0,1.0,0.0,IP
574,S53,S,53.0,491,98.0,0.0,1.0,5.0,2.0,90.0,0.0,IP
575,T53,T,53.0,27,0.0,0.0,0.0,0.0,0.0,0.0,0.0,IP
576,V53,V,53.0,130,277.0,1.0,3.0,16.0,155.0,99.0,3.0,IP
577,W53,W,53.0,16,0.0,0.0,0.0,0.0,0.0,0.0,0.0,IP
578,*54,*,54.0,19,0.0,0.0,0.0,0.0,0.0,0.0,0.0,IC
579,A54,A,54.0,26,0.0,0.0,0.0,0.0,0.0,0.0,0.0,IC
580,C54,C,54.0,107,0.0,0.0,0.0,0.0,0.0,0.0,0.0,IC
581,E54,E,54.0,223,408.0,0.0,4.0,366.0,9.0,29.0,0.0,IC
582,G54,G,54.0,1335,3579.0,8.0,24.0,2151.0,224.0,1166.0,6.0,IC
583,H54,H,54.0,101,342.0,0.0,5.0,309.0,8.0,20.0,0.0,IC
584,L54,L,54.0,380,459.0,1.0,49.0,253.0,9.0,147.0,0.0,IC
585,P54,P,54.0,432,157.0,0.0,2.0,55.0,16.0,84.0,0.0,IC
586,Q54,Q,54.0,43,315.0,0.0,3.0,287.0,9.0,14.0,2.0,IC
587,R54,R,54.0,419,803.0,2.0,7.0,564.0,17.0,208.0,5.0,IC
588,S54,S,54.0,89,0.0,0.0,0.0,0.0,0.0,0.0,0.0,IC
589,T54,T,54.0,40,164.0,0.0,0.0,8.0,4.0,152.0,0.0,IC
590,V54,V,54.0,17,470.0,1.0,3.0,159.0,173.0,133.0,1.0,IC
591,W54,W,54.0,904,3071.0,2.0,16.0,1547.0,120.0,1383.0,3.0,IC
592,Y54,Y,54.0,247,1051.0,0.0,5.0,422.0,145.0,475.0,4.0,IC
593,*55,*,55.0,206,0.0,0.0,0.0,0.0,0.0,0.0,0.0,IC
594,D55,D,55.0,800,2734.0,4.0,65.0,1294.0,217.0,1151.0,3.0,IC
595,E55,E,55.0,310,569.0,3.0,92.0,183.0,135.0,154.0,2.0,IC
596,G55,G,55.0,2480,3525.0,2.0,272.0,1346.0,204.0,1692.0,9.0,IC
597,I55,I,55.0,339,0.0,0.0,0.0,0.0,0.0,0.0,0.0,IC
598,L55,L,55.0,40,0.0,0.0,0.0,0.0,0.0,0.0,0.0,IC
599,M55,M,55.0,54,0.0,0.0,0.0,0.0,0.0,0.0,0.0,IC
600,N55,N,55.0,175,407.0,1.0,1.0,293.0,7.0,105.0,0.0,IC
601,Q55,Q,55.0,101,85.0,0.0,1.0,4.0,0.0,80.0,0.0,IC
602,R55,R,55.0,1688,9221.0,116.0,205.0,3733.0,883.0,3896.0,388.0,IC
603,T55,T,55.0,901,2662.0,5.0,98.0,892.0,492.0,1169.0,6.0,IC
604,V55,V,55.0,1805,285.0,0.0,2.0,13.0,6.0,264.0,0.0,IC
605,W55,W,55.0,246,0.0,0.0,0.0,0.0,0.0,0.0,0.0,IC
606,*56,*,56.0,28,0.0,0.0,0.0,0.0,0.0,0.0,0.0,C
607,C56,C,56.0,267,166.0,0.0,2.0,148.0,6.0,8.0,2.0,C
608,G56,G,56.0,1140,2552.0,74.0,278.0,1082.0,343.0,572.0,203.0,C
609,I56,I,56.0,61,0.0,0.0,0.0,0.0,0.0,0.0,0.0,C
610,K56,K,56.0,113,264.0,0.0,1.0,107.0,2.0,153.0,1.0,C
611,M56,M,56.0,264,89.0,0.0,1.0,78.0,3.0,6.0,1.0,C
612,R56,R,56.0,329,338.0,0.0,1.0,220.0,7.0,108.0,2.0,C
613,S56,S,56.0,621,1759.0,2.0,14.0,791.0,250.0,696.0,6.0,C
614,T56,T,56.0,553,741.0,0.0,6.0,354.0,13.0,366.0,2.0,C
615,V56,V,56.0,190,0.0,0.0,0.0,0.0,0.0,0.0,0.0,C
616,W56,W,56.0,269,0.0,0.0,0.0,0.0,0.0,0.0,0.0,C
617,*57,*,57.0,51,0.0,0.0,0.0,0.0,0.0,0.0,0.0,IC
618,A57,A,57.0,208,144.0,0.0,2.0,42.0,93.0,7.0,0.0,IC
619,C57,C,57.0,137,70.0,1.0,0.0,14.0,0.0,55.0,0.0,IC
620,D57,D,57.0,758,1341.0,1.0,85.0,969.0,22.0,262.0,2.0,IC
621,E57,E,57.0,1696,4010.0,7.0,94.0,2260.0,342.0,1300.0,7.0,IC
622,G57,G,57.0,1012,1830.0,3.0,13.0,1398.0,156.0,250.0,10.0,IC
623,H57,H,57.0,414,512.0,0.0,87.0,302.0,94.0,27.0,2.0,IC
624,I57,I,57.0,22,0.0,0.0,0.0,0.0,0.0,0.0,0.0,IC
625,K57,K,57.0,35,0.0,0.0,0.0,0.0,0.0,0.0,0.0,IC
626,L57,L,57.0,103,101.0,0.0,1.0,6.0,2.0,90.0,2.0,IC
627,M57,M,57.0,30,0.0,0.0,0.0,0.0,0.0,0.0,0.0,IC
628,R57,R,57.0,439,350.0,157.0,2.0,124.0,3.0,64.0,0.0,IC
629,S57,S,57.0,266,282.0,1.0,2.0,253.0,2.0,24.0,0.0,IC
630,T57,T,57.0,288,359.0,2.0,3.0,336.0,4.0,14.0,0.0,IC
631,V57,V,57.0,1218,582.0,0.0,5.0,390.0,57.0,129.0,1.0,IC
632,W57,W,57.0,300,0.0,0.0,0.0,0.0,0.0,0.0,0.0,IC
633,Y57,Y,57.0,324,184.0,0.0,87.0,8.0,2.0,87.0,0.0,IC
634,*58,*,58.0,72,0.0,0.0,0.0,0.0,0.0,0.0,0.0,IC
635,C58,C,58.0,3,0.0,0.0,0.0,0.0,0.0,0.0,0.0,IC
636,F58,F,58.0,472,0.0,0.0,0.0,0.0,0.0,0.0,0.0,IC
637,H58,H,58.0,184,0.0,0.0,0.0,0.0,0.0,0.0,0.0,IC
638,I58,I,58.0,88,0.0,0.0,0.0,0.0,0.0,0.0,0.0,IC
639,K58,K,58.0,350,1.0,1.0,0.0,0.0,0.0,0.0,0.0,IC
640,L58,L,58.0,190,0.0,0.0,0.0,0.0,0.0,0.0,0.0,IC
641,P58,P,58.0,424,290.0,96.0,1.0,77.0,2.0,114.0,0.0,IC
642,R58,R,58.0,408,0.0,0.0,0.0,0.0,0.0,0.0,0.0,IC
643,S58,S,58.0,152,235.0,1.0,0.0,10.0,1.0,223.0,0.0,IC
644,V58,V,58.0,61,0.0,0.0,0.0,0.0,0.0,0.0,0.0,IC
645,W58,W,58.0,20,0.0,0.0,0.0,0.0,0.0,0.0,0.0,IC
646,Y58,Y,58.0,619,0.0,0.0,0.0,0.0,0.0,0.0,0.0,IC
647,E59,E,59.0,21,0.0,0.0,0.0,0.0,0.0,0.0,0.0,IP
648,Q59,Q,59.0,19,0.0,0.0,0.0,0.0,0.0,0.0,0.0,IP
649,R59,R,59.0,9,0.0,0.0,0.0,0.0,0.0,0.0,0.0,IP
650,*60,*,60.0,164,0.0,0.0,0.0,0.0,0.0,0.0,0.0,C
651,E60,E,60.0,359,1032.0,1.0,4.0,418.0,266.0,339.0,4.0,C
652,G60,G,60.0,2335,1848.0,39.0,120.0,517.0,203.0,965.0,4.0,C
653,H60,H,60.0,470,817.0,2.0,109.0,412.0,127.0,164.0,3.0,C
654,K60,K,60.0,377,445.0,1.0,3.0,154.0,7.0,280.0,0.0,C
655,L60,L,60.0,195,139.0,0.0,1.0,130.0,3.0,4.0,1.0,C
656,M60,M,60.0,110,0.0,0.0,0.0,0.0,0.0,0.0,0.0,C
657,Q60,Q,60.0,515,1819.0,1.0,141.0,432.0,133.0,1044.0,68.0,C
658,S60,S,60.0,364,348.0,1.0,3.0,301.0,7.0,35.0,1.0,C
659,T60,T,60.0,513,654.0,1.0,4.0,316.0,13.0,319.0,1.0,C
660,V60,V,60.0,430,251.0,0.0,2.0,189.0,6.0,54.0,0.0,C
661,W60,W,60.0,4,0.0,0.0,0.0,0.0,0.0,0.0,0.0,C
662,A61,A,61.0,391,1544.0,2.0,13.0,1087.0,22.0,416.0,4.0,IC
663,C61,C,61.0,148,0.0,0.0,0.0,0.0,0.0,0.0,0.0,IC
664,E61,E,61.0,445,1732.0,2.0,80.0,1077.0,35.0,531.0,7.0,IC
665,G61,G,61.0,439,994.0,1.0,10.0,711.0,15.0,256.0,1.0,IC
666,I61,I,61.0,106,0.0,0.0,0.0,0.0,0.0,0.0,0.0,IC
667,L61,L,61.0,175,38.0,0.0,0.0,4.0,0.0,34.0,0.0,IC
668,N61,N,61.0,172,289.0,0.0,0.0,102.0,3.0,183.0,1.0,IC
669,R61,R,61.0,221,548.0,1.0,3.0,326.0,14.0,204.0,0.0,IC
670,S61,S,61.0,21,45.0,0.0,0.0,44.0,1.0,0.0,0.0,IC
671,V61,V,61.0,120,107.0,0.0,2.0,100.0,0.0,5.0,0.0,IC
672,W61,W,61.0,384,175.0,1.0,1.0,10.0,5.0,158.0,0.0,IC
673,A62,A,62.0,442,599.0,0.0,8.0,241.0,11.0,337.0,2.0,IP
674,D62,D,62.0,133,207.0,1.0,1.0,181.0,1.0,23.0,0.0,IP
675,E62,E,62.0,450,694.0,3.0,5.0,151.0,13.0,448.0,74.0,IP
676,G62,G,62.0,1274,1391.0,70.0,7.0,481.0,111.0,620.0,102.0,IP
677,K62,K,62.0,3,0.0,0.0,0.0,0.0,0.0,0.0,0.0,IP
678,L62,L,62.0,29,0.0,0.0,0.0,0.0,0.0,0.0,0.0,IP
679,M62,M,62.0,338,108.0,0.0,2.0,11.0,64.0,31.0,0.0,IP
680,P62,P,62.0,440,3.0,0.0,0.0,0.0,0.0,3.0,0.0,IP
681,Q62,Q,62.0,390,816.0,1.0,11.0,254.0,95.0,455.0,0.0,IP
682,R62,R,62.0,964,401.0,1.0,1.0,90.0,6.0,302.0,1.0,IP
683,S62,S,62.0,11,76.0,0.0,1.0,68.0,1.0,5.0,1.0,IP
684,T62,T,62.0,17,1.0,0.0,0.0,1.0,0.0,0.0,0.0,IP
685,V62,V,62.0,891,461.0,2.0,3.0,220.0,176.0,57.0,3.0,IP
686,W62,W,62.0,12,0.0,0.0,0.0,0.0,0.0,0.0,0.0,IP
687,Y62,Y,62.0,12,0.0,0.0,0.0,0.0,0.0,0.0,0.0,IP
688,E63,E,63.0,482,750.0,1.0,9.0,201.0,115.0,366.0,58.0,C
689,G63,G,63.0,551,632.0,1.0,4.0,207.0,8.0,351.0,61.0,C
690,I63,I,63.0,606,240.0,0.0,3.0,107.0,1.0,128.0,1.0,C
691,L63,L,63.0,373,0.0,0.0,0.0,0.0,0.0,0.0,0.0,C
692,P63,P,63.0,525,232.0,0.0,0.0,12.0,4.0,216.0,0.0,C
693,R63,R,63.0,108,0.0,0.0,0.0,0.0,0.0,0.0,0.0,C
694,S63,S,63.0,1473,2630.0,85.0,130.0,1019.0,157.0,1234.0,5.0,C
695,T63,T,63.0,929,942.0,2.0,3.0,363.0,414.0,156.0,4.0,C
696,V63,V,63.0,460,276.0,0.0,1.0,188.0,73.0,13.0,1.0,C
697,W63,W,63.0,494,111.0,0.0,2.0,2.0,104.0,3.0,0.0,C
698,Y63,Y,63.0,123,0.0,0.0,0.0,0.0,0.0,0.0,0.0,C
699,D64,D,64.0,143,224.0,0.0,0.0,14.0,120.0,90.0,0.0,C
700,E64,E,64.0,647,2755.0,8.0,104.0,1181.0,465.0,849.0,148.0,C
701,G64,G,64.0,2652,3535.0,5.0,222.0,961.0,832.0,1359.0,156.0,C
702,H64,H,64.0,361,903.0,1.0,6.0,326.0,64.0,505.0,1.0,C
703,L64,L,64.0,3,0.0,0.0,0.0,0.0,0.0,0.0,0.0,C
704,M64,M,64.0,631,661.0,1.0,4.0,110.0,190.0,353.0,3.0,C
705,N64,N,64.0,1812,4765.0,86.0,377.0,1909.0,498.0,1884.0,11.0,C
706,Q64,Q,64.0,80,1.0,0.0,0.0,1.0,0.0,0.0,0.0,C
707,R64,R,64.0,1185,3801.0,6.0,27.0,1682.0,252.0,1678.0,156.0,C
708,S64,S,64.0,37,141.0,1.0,0.0,9.0,2.0,129.0,0.0,C
709,T64,T,64.0,127,186.0,0.0,0.0,22.0,7.0,157.0,0.0,C
710,V64,V,64.0,502,92.0,0.0,0.0,85.0,0.0,7.0,0.0,C
711,W64,W,64.0,403,0.0,0.0,0.0,0.0,0.0,0.0,0.0,C
712,A65,A,65.0,921,1629.0,3.0,10.0,592.0,189.0,830.0,5.0,IP
713,C65,C,65.0,234,152.0,0.0,1.0,7.0,3.0,9.0,132.0,IP
714,D65,D,65.0,85,213.0,0.0,0.0,108.0,3.0,101.0,1.0,IP
715,E65,E,65.0,640,797.0,1.0,4.0,313.0,12.0,369.0,98.0,IP
716,G65,G,65.0,1606,2964.0,4.0,21.0,1432.0,525.0,903.0,79.0,IP
717,H65,H,65.0,322,744.0,2.0,6.0,269.0,167.0,252.0,48.0,IP
718,I65,I,65.0,33,0.0,0.0,0.0,0.0,0.0,0.0,0.0,IP
719,L65,L,65.0,3,0.0,0.0,0.0,0.0,0.0,0.0,0.0,IP
720,R65,R,65.0,805,1200.0,1.0,69.0,332.0,24.0,771.0,3.0,IP
721,S65,S,65.0,231,586.0,2.0,4.0,329.0,47.0,203.0,1.0,IP
722,T65,T,65.0,672,1376.0,3.0,193.0,447.0,106.0,627.0,0.0,IP
723,V65,V,65.0,179,273.0,0.0,172.0,86.0,6.0,8.0,1.0,IP
724,W65,W,65.0,24,344.0,0.0,5.0,18.0,98.0,221.0,2.0,IP
725,*66,*,66.0,159,0.0,0.0,0.0,0.0,0.0,0.0,0.0,IP
726,A66,A,66.0,231,116.0,0.0,2.0,107.0,3.0,4.0,0.0,IP
727,D66,D,66.0,284,293.0,0.0,2.0,100.0,3.0,186.0,2.0,IP
728,G66,G,66.0,1215,703.0,3.0,3.0,424.0,81.0,189.0,3.0,IP
729,H66,H,66.0,898,101.0,2.0,0.0,4.0,3.0,92.0,0.0,IP
730,L66,L,66.0,93,0.0,0.0,0.0,0.0,0.0,0.0,0.0,IP
731,Q66,Q,66.0,118,160.0,1.0,2.0,8.0,136.0,13.0,0.0,IP
732,R66,R,66.0,560,1.0,0.0,0.0,1.0,0.0,0.0,0.0,IP
733,S66,S,66.0,185,84.0,0.0,1.0,3.0,2.0,78.0,0.0,IP
734,T66,T,66.0,365,96.0,0.0,1.0,86.0,2.0,7.0,0.0,IP
735,V66,V,66.0,427,244.0,1.0,76.0,8.0,4.0,155.0,0.0,IP
736,W66,W,66.0,406,119.0,0.0,0.0,4.0,2.0,112.0,1.0,IP
737,D67,D,67.0,27,0.0,0.0,0.0,0.0,0.0,0.0,0.0,C
738,E67,E,67.0,1289,1892.0,1.0,92.0,607.0,432.0,759.0,1.0,C
739,G67,G,67.0,2198,2810.0,1.0,100.0,1742.0,282.0,601.0,84.0,C
740,I67,I,67.0,81,0.0,0.0,0.0,0.0,0.0,0.0,0.0,C
741,L67,L,67.0,203,0.0,0.0,0.0,0.0,0.0,0.0,0.0,C
742,P67,P,67.0,133,168.0,1.0,1.0,70.0,5.0,91.0,0.0,C
743,R67,R,67.0,328,110.0,0.0,0.0,105.0,0.0,4.0,1.0,C
744,S67,S,67.0,83,337.0,0.0,3.0,125.0,103.0,106.0,0.0,C
745,T67,T,67.0,43,64.0,1.0,0.0,4.0,2.0,57.0,0.0,C
746,V67,V,67.0,252,194.0,0.0,0.0,181.0,1.0,11.0,1.0,C
747,W67,W,67.0,893,416.0,1.0,2.0,34.0,308.0,27.0,44.0,C
748,A68,A,68.0,126,0.0,0.0,0.0,0.0,0.0,0.0,0.0,B
749,C68,C,68.0,874,284.0,2.0,4.0,78.0,24.0,176.0,0.0,B
750,D68,D,68.0,186,293.0,0.0,2.0,260.0,6.0,24.0,1.0,B
751,G68,G,68.0,577,1010.0,0.0,70.0,412.0,59.0,466.0,3.0,B
752,M68,M,68.0,119,308.0,0.0,1.0,92.0,7.0,208.0,0.0,B
753,P68,P,68.0,171,0.0,0.0,0.0,0.0,0.0,0.0,0.0,B
754,R68,R,68.0,336,480.0,2.0,5.0,138.0,89.0,161.0,85.0,B
755,S68,S,68.0,30,0.0,0.0,0.0,0.0,0.0,0.0,0.0,B
756,T68,T,68.0,838,689.0,0.0,5.0,39.0,62.0,582.0,1.0,B
757,V68,V,68.0,6,0.0,0.0,0.0,0.0,0.0,0.0,0.0,B
758,W68,W,68.0,139,253.0,0.0,0.0,119.0,66.0,68.0,0.0,B
759,Y68,Y,68.0,204,332.0,0.0,2.0,98.0,48.0,184.0,0.0,B
760,A69,A,69.0,12,0.0,0.0,0.0,0.0,0.0,0.0,0.0,IP
761,C69,C,69.0,170,0.0,0.0,0.0,0.0,0.0,0.0,0.0,IP
762,D69,D,69.0,124,0.0,0.0,0.0,0.0,0.0,0.0,0.0,IP
763,F69,F,69.0,285,0.0,0.0,0.0,0.0,0.0,0.0,0.0,IP
764,G69,G,69.0,1179,353.0,0.0,1.0,20.0,178.0,154.0,0.0,IP
765,I69,I,69.0,79,0.0,0.0,0.0,0.0,0.0,0.0,0.0,IP
766,K69,K,69.0,140,0.0,0.0,0.0,0.0,0.0,0.0,0.0,IP
767,L69,L,69.0,448,11.0,0.0,0.0,1.0,1.0,9.0,0.0,IP
768,M69,M,69.0,207,0.0,0.0,0.0,0.0,0.0,0.0,0.0,IP
769,N69,N,69.0,130,0.0,0.0,0.0,0.0,0.0,0.0,0.0,IP
770,P69,P,69.0,1506,123.0,1.0,1.0,107.0,1.0,13.0,0.0,IP
771,R69,R,69.0,391,42.0,0.0,35.0,1.0,1.0,5.0,0.0,IP
772,S69,S,69.0,382,133.0,0.0,0.0,3.0,1.0,129.0,0.0,IP
773,V69,V,69.0,1121,160.0,0.0,1.0,58.0,4.0,97.0,0.0,IP
774,W69,W,69.0,121,0.0,0.0,0.0,0.0,0.0,0.0,0.0,IP
775,A70,A,70.0,15,0.0,0.0,0.0,0.0,0.0,0.0,0.0,B
776,C70,C,70.0,461,102.0,0.0,1.0,5.0,1.0,95.0,0.0,B
777,G70,G,70.0,1029,691.0,1.0,1.0,175.0,11.0,501.0,2.0,B
778,K70,K,70.0,134,0.0,0.0,0.0,0.0,0.0,0.0,0.0,B
779,M70,M,70.0,45,0.0,0.0,0.0,0.0,0.0,0.0,0.0,B
780,N70,N,70.0,108,0.0,0.0,0.0,0.0,0.0,0.0,0.0,B
781,P70,P,70.0,111,0.0,0.0,0.0,0.0,0.0,0.0,0.0,B
782,Q70,Q,70.0,563,341.0,1.0,2.0,15.0,9.0,314.0,0.0,B
783,R70,R,70.0,82,0.0,0.0,0.0,0.0,0.0,0.0,0.0,B
784,S70,S,70.0,61,111.0,0.0,0.0,105.0,1.0,4.0,1.0,B
785,T70,T,70.0,131,320.0,0.0,2.0,229.0,2.0,87.0,0.0,B
786,V70,V,70.0,6,0.0,0.0,0.0,0.0,0.0,0.0,0.0,B
787,W70,W,70.0,321,53.0,0.0,0.0,7.0,1.0,45.0,0.0,B
788,L71,L,71.0,89,0.0,0.0,0.0,0.0,0.0,0.0,0.0,C
789,R71,R,71.0,174,2.0,0.0,0.0,0.0,0.0,2.0,0.0,C
790,S71,S,71.0,128,0.0,0.0,0.0,0.0,0.0,0.0,0.0,C
791,V71,V,71.0,335,0.0,0.0,0.0,0.0,0.0,0.0,0.0,C
792,W71,W,71.0,1393,831.0,0.0,8.0,335.0,95.0,319.0,74.0,C
793,C72,C,72.0,358,224.0,0.0,2.0,52.0,19.0,100.0,51.0,IP
794,E72,E,72.0,211,183.0,0.0,0.0,52.0,99.0,32.0,0.0,IP
795,L72,L,72.0,514,307.0,0.0,1.0,206.0,4.0,96.0,0.0,IP
796,P72,P,72.0,700,140.0,0.0,2.0,7.0,1.0,130.0,0.0,IP
797,S72,S,72.0,188,181.0,0.0,10.0,70.0,93.0,8.0,0.0,IP
798,V72,V,72.0,40,0.0,0.0,0.0,0.0,0.0,0.0,0.0,IP
799,W72,W,72.0,335,346.0,0.0,1.0,155.0,80.0,109.0,1.0,IP
800,*73,*,73.0,40,0.0,0.0,0.0,0.0,0.0,0.0,0.0,S
801,A73,A,73.0,1484,1902.0,5.0,61.0,1014.0,423.0,394.0,5.0,S
802,C73,C,73.0,84,283.0,1.0,69.0,182.0,11.0,20.0,0.0,S
803,D73,D,73.0,6,0.0,0.0,0.0,0.0,0.0,0.0,0.0,S
804,E73,E,73.0,365,0.0,0.0,0.0,0.0,0.0,0.0,0.0,S
805,F73,F,73.0,176,506.0,0.0,2.0,138.0,237.0,127.0,2.0,S
806,G73,G,73.0,1435,3527.0,7.0,460.0,1542.0,494.0,813.0,211.0,S
807,I73,I,73.0,3,1.0,0.0,0.0,1.0,0.0,0.0,0.0,S
808,L73,L,73.0,866,733.0,0.0,115.0,169.0,283.0,164.0,2.0,S
809,M73,M,73.0,41,285.0,2.0,100.0,13.0,160.0,10.0,0.0,S
810,N73,N,73.0,85,91.0,0.0,81.0,5.0,2.0,3.0,0.0,S
811,P73,P,73.0,586,687.0,1.0,5.0,419.0,15.0,173.0,74.0,S
812,Q73,Q,73.0,31,0.0,0.0,0.0,0.0,0.0,0.0,0.0,S
813,R73,R,73.0,2078,2383.0,2.0,171.0,800.0,231.0,1173.0,6.0,S
814,S73,S,73.0,1424,1405.0,2.0,169.0,439.0,267.0,437.0,91.0,S
815,T73,T,73.0,252,206.0,1.0,2.0,29.0,3.0,170.0,1.0,S
816,V73,V,73.0,489,1203.0,79.0,228.0,488.0,319.0,85.0,4.0,S
817,W73,W,73.0,326,331.0,0.0,1.0,102.0,51.0,177.0,0.0,S
818,Q74,Q,74.0,3,0.0,0.0,0.0,0.0,0.0,0.0,0.0,B
819,A75,A,75.0,350,1011.0,0.0,54.0,523.0,15.0,414.0,5.0,S
820,C75,C,75.0,500,1308.0,1.0,333.0,545.0,201.0,172.0,56.0,S
821,E75,E,75.0,237,742.0,0.0,190.0,114.0,11.0,426.0,1.0,S
822,F75,F,75.0,17,0.0,0.0,0.0,0.0,0.0,0.0,0.0,S
823,G75,G,75.0,73,118.0,0.0,1.0,5.0,3.0,109.0,0.0,S
824,M75,M,75.0,944,2737.0,4.0,183.0,1060.0,579.0,904.0,7.0,S
825,P75,P,75.0,109,18.0,0.0,0.0,12.0,0.0,1.0,5.0,S
826,Q75,Q,75.0,6,0.0,0.0,0.0,0.0,0.0,0.0,0.0,S
827,R75,R,75.0,165,82.0,0.0,1.0,10.0,69.0,2.0,0.0,S
828,S75,S,75.0,1122,1948.0,2.0,92.0,456.0,781.0,612.0,5.0,S
829,T75,T,75.0,221,1076.0,1.0,6.0,690.0,60.0,317.0,2.0,S
830,V75,V,75.0,239,508.0,1.0,3.0,120.0,7.0,377.0,0.0,S
831,W75,W,75.0,95,191.0,0.0,2.0,89.0,85.0,14.0,1.0,S
832,C76,C,76.0,221,820.0,0.0,173.0,222.0,161.0,261.0,3.0,S
833,D76,D,76.0,53,107.0,0.0,2.0,97.0,1.0,7.0,0.0,S
834,E76,E,76.0,177,495.0,1.0,3.0,229.0,7.0,205.0,50.0,S
835,G76,G,76.0,585,2697.0,4.0,199.0,670.0,559.0,1256.0,9.0,S
836,H76,H,76.0,122,95.0,0.0,1.0,87.0,2.0,5.0,0.0,S
837,L76,L,76.0,754,3678.0,1.0,37.0,1425.0,653.0,1535.0,27.0,S
838,M76,M,76.0,276,1255.0,2.0,10.0,354.0,242.0,642.0,5.0,S
839,P76,P,76.0,366,1153.0,1.0,4.0,218.0,777.0,151.0,2.0,S
840,Q76,Q,76.0,917,508.0,0.0,196.0,107.0,158.0,45.0,2.0,S
841,R76,R,76.0,556,1085.0,2.0,5.0,570.0,115.0,392.0,1.0,S
842,T76,T,76.0,64,0.0,0.0,0.0,0.0,0.0,0.0,0.0,S
843,W76,W,76.0,1227,472.0,0.0,5.0,341.0,9.0,117.0,0.0,S
844,C77,C,77.0,343,392.0,0.0,4.0,114.0,6.0,267.0,1.0,S
845,E77,E,77.0,1737,3435.0,3.0,157.0,1281.0,613.0,1371.0,10.0,S
846,G77,G,77.0,113,190.0,0.0,0.0,95.0,2.0,93.0,0.0,S
847,H77,H,77.0,325,7.0,0.0,6.0,0.0,0.0,1.0,0.0,S
848,I77,I,77.0,30,0.0,0.0,0.0,0.0,0.0,0.0,0.0,S
849,L77,L,77.0,182,554.0,0.0,3.0,200.0,177.0,174.0,0.0,S
850,M77,M,77.0,14,2.0,0.0,0.0,0.0,2.0,0.0,0.0,S
851,Q77,Q,77.0,45,0.0,0.0,0.0,0.0,0.0,0.0,0.0,S
852,R77,R,77.0,80,0.0,0.0,0.0,0.0,0.0,0.0,0.0,S
853,S77,S,77.0,132,0.0,0.0,0.0,0.0,0.0,0.0,0.0,S
854,T77,T,77.0,62,486.0,1.0,5.0,285.0,71.0,122.0,2.0,S
855,V77,V,77.0,494,817.0,3.0,3.0,393.0,16.0,400.0,2.0,S
856,W77,W,77.0,199,228.0,0.0,5.0,102.0,9.0,112.0,0.0,S
857,A78,A,78.0,588,0.0,0.0,0.0,0.0,0.0,0.0,0.0,S
858,C78,C,78.0,19,67.0,1.0,0.0,23.0,43.0,0.0,0.0,S
859,E78,E,78.0,572,413.0,1.0,1.0,109.0,7.0,295.0,0.0,S
860,F78,F,78.0,82,315.0,0.0,2.0,186.0,10.0,116.0,1.0,S
861,L78,L,78.0,219,106.0,0.0,2.0,90.0,2.0,12.0,0.0,S
862,Q78,Q,78.0,118,106.0,0.0,0.0,6.0,1.0,99.0,0.0,S
863,R78,R,78.0,519,261.0,0.0,0.0,12.0,69.0,180.0,0.0,S
864,S78,S,78.0,52,120.0,0.0,1.0,111.0,2.0,6.0,0.0,S
865,T78,T,78.0,415,259.0,0.0,2.0,237.0,3.0,17.0,0.0,S
866,V78,V,78.0,376,548.0,0.0,3.0,106.0,57.0,379.0,3.0,S
867,W78,W,78.0,370,391.0,0.0,2.0,64.0,65.0,186.0,74.0,S
868,Y78,Y,78.0,67,91.0,0.0,1.0,3.0,82.0,5.0,0.0,S
869,*79,*,79.0,533,0.0,0.0,0.0,0.0,0.0,0.0,0.0,B
870,A79,A,79.0,28,0.0,0.0,0.0,0.0,0.0,0.0,0.0,B
871,C79,C,79.0,154,0.0,0.0,0.0,0.0,0.0,0.0,0.0,B
872,D79,D,79.0,256,12.0,0.0,8.0,1.0,1.0,2.0,0.0,B
873,E79,E,79.0,406,410.0,1.0,3.0,131.0,11.0,263.0,1.0,B
874,G79,G,79.0,1522,185.0,1.0,1.0,9.0,67.0,107.0,0.0,B
875,K79,K,79.0,125,0.0,0.0,0.0,0.0,0.0,0.0,0.0,B
876,M79,M,79.0,49,0.0,0.0,0.0,0.0,0.0,0.0,0.0,B
877,N79,N,79.0,1153,444.0,1.0,2.0,167.0,9.0,265.0,0.0,B
878,P79,P,79.0,13,0.0,0.0,0.0,0.0,0.0,0.0,0.0,B
879,Q79,Q,79.0,215,52.0,0.0,0.0,50.0,1.0,1.0,0.0,B
880,R79,R,79.0,549,509.0,1.0,7.0,26.0,29.0,444.0,2.0,B
881,V79,V,79.0,36,1.0,0.0,0.0,1.0,0.0,0.0,0.0,B
882,W79,W,79.0,1553,3062.0,5.0,305.0,1158.0,607.0,841.0,146.0,B
883,A80,A,80.0,32,36.0,0.0,32.0,2.0,1.0,1.0,0.0,B
884,C80,C,80.0,219,570.0,1.0,74.0,83.0,101.0,308.0,3.0,B
885,D80,D,80.0,302,0.0,0.0,0.0,0.0,0.0,0.0,0.0,B
886,E80,E,80.0,140,0.0,0.0,0.0,0.0,0.0,0.0,0.0,B
887,F80,F,80.0,174,418.0,0.0,48.0,49.0,9.0,310.0,2.0,B
888,G80,G,80.0,763,534.0,1.0,5.0,125.0,5.0,395.0,3.0,B
889,H80,H,80.0,91,0.0,0.0,0.0,0.0,0.0,0.0,0.0,B
890,I80,I,80.0,147,1298.0,3.0,314.0,619.0,76.0,283.0,3.0,B
891,L80,L,80.0,267,832.0,2.0,7.0,274.0,82.0,466.0,1.0,B
892,P80,P,80.0,119,37.0,0.0,1.0,33.0,0.0,3.0,0.0,B
893,Q80,Q,80.0,109,0.0,0.0,0.0,0.0,0.0,0.0,0.0,B
894,R80,R,80.0,601,359.0,0.0,315.0,14.0,4.0,26.0,0.0,B
895,S80,S,80.0,165,88.0,1.0,0.0,3.0,3.0,81.0,0.0,B
896,T80,T,80.0,560,210.0,1.0,5.0,7.0,2.0,193.0,2.0,B
897,A81,A,81.0,33,0.0,0.0,0.0,0.0,0.0,0.0,0.0,S
898,D81,D,81.0,154,0.0,0.0,0.0,0.0,0.0,0.0,0.0,S
899,E81,E,81.0,250,489.0,3.0,7.0,281.0,54.0,144.0,0.0,S
900,G81,G,81.0,2808,4897.0,5.0,335.0,1617.0,436.0,2295.0,209.0,S
901,H81,H,81.0,350,129.0,0.0,1.0,121.0,1.0,6.0,0.0,S
902,K81,K,81.0,10,0.0,0.0,0.0,0.0,0.0,0.0,0.0,S
903,L81,L,81.0,611,167.0,1.0,0.0,4.0,5.0,157.0,0.0,S
904,P81,P,81.0,188,245.0,0.0,34.0,8.0,5.0,197.0,1.0,S
905,S81,S,81.0,751,1062.0,1.0,167.0,556.0,17.0,320.0,1.0,S
906,V81,V,81.0,357,36.0,0.0,1.0,2.0,0.0,33.0,0.0,S
907,W81,W,81.0,448,159.0,0.0,1.0,150.0,5.0,3.0,0.0,S
908,*82,*,82.0,495,0.0,0.0,0.0,0.0,0.0,0.0,0.0,S
909,A82,A,82.0,895,1263.0,1.0,97.0,280.0,29.0,854.0,2.0,S
910,D82,D,82.0,1048,1199.0,0.0,13.0,469.0,260.0,453.0,4.0,S
911,E82,E,82.0,445,445.0,0.0,3.0,275.0,11.0,153.0,3.0,S
912,G82,G,82.0,1920,2844.0,3.0,108.0,1085.0,298.0,1346.0,4.0,S
913,H82,H,82.0,283,0.0,0.0,0.0,0.0,0.0,0.0,0.0,S
914,I82,I,82.0,785,1488.0,2.0,8.0,437.0,348.0,610.0,83.0,S
915,K82,K,82.0,140,73.0,0.0,2.0,4.0,1.0,66.0,0.0,S
916,L82,L,82.0,477,825.0,1.0,3.0,197.0,242.0,299.0,83.0,S
917,M82,M,82.0,821,1127.0,1.0,16.0,386.0,159.0,563.0,2.0,S
918,P82,P,82.0,6,0.0,0.0,0.0,0.0,0.0,0.0,0.0,S
919,R82,R,82.0,284,262.0,81.0,3.0,112.0,3.0,62.0,1.0,S
920,T82,T,82.0,9,1.0,0.0,0.0,0.0,0.0,0.0,1.0,S
921,V82,V,82.0,1037,1875.0,6.0,17.0,1068.0,228.0,367.0,189.0,S
922,W82,W,82.0,464,1487.0,4.0,12.0,515.0,319.0,637.0,0.0,S
923,Y82,Y,82.0,189,456.0,0.0,46.0,183.0,4.0,223.0,0.0,S
924,*83,*,83.0,43,87.0,0.0,0.0,3.0,82.0,2.0,0.0,S
925,A83,A,83.0,129,0.0,0.0,0.0,0.0,0.0,0.0,0.0,S
926,C83,C,83.0,223,346.0,2.0,197.0,23.0,2.0,122.0,0.0,S
927,D83,D,83.0,51,353.0,1.0,3.0,211.0,5.0,131.0,2.0,S
928,E83,E,83.0,195,0.0,0.0,0.0,0.0,0.0,0.0,0.0,S
929,G83,G,83.0,1364,774.0,2.0,8.0,150.0,278.0,335.0,1.0,S
930,H83,H,83.0,561,468.0,0.0,2.0,170.0,95.0,200.0,1.0,S
931,I83,I,83.0,141,375.0,0.0,84.0,266.0,9.0,13.0,3.0,S
932,K83,K,83.0,267,188.0,0.0,0.0,8.0,5.0,175.0,0.0,S
933,L83,L,83.0,417,1668.0,5.0,8.0,576.0,416.0,577.0,86.0,S
934,P83,P,83.0,832,1221.0,4.0,6.0,408.0,308.0,489.0,6.0,S
935,R83,R,83.0,382,284.0,1.0,3.0,170.0,8.0,102.0,0.0,S
936,S83,S,83.0,914,1284.0,2.0,191.0,223.0,103.0,761.0,4.0,S
937,V83,V,83.0,870,3324.0,3.0,56.0,934.0,1166.0,1025.0,140.0,S
938,*84,*,84.0,3,0.0,0.0,0.0,0.0,0.0,0.0,0.0,B
939,A84,A,84.0,359,296.0,0.0,151.0,14.0,5.0,125.0,1.0,B
940,C84,C,84.0,1274,3078.0,10.0,321.0,1107.0,258.0,1282.0,100.0,B
941,D84,D,84.0,183,0.0,0.0,0.0,0.0,0.0,0.0,0.0,B
942,E84,E,84.0,138,2.0,0.0,0.0,2.0,0.0,0.0,0.0,B
943,F84,F,84.0,641,619.0,2.0,93.0,97.0,70.0,356.0,1.0,B
944,G84,G,84.0,1713,3227.0,8.0,170.0,1471.0,447.0,1124.0,7.0,B
945,K84,K,84.0,163,0.0,0.0,0.0,0.0,0.0,0.0,0.0,B
946,L84,L,84.0,880,923.0,3.0,6.0,391.0,124.0,108.0,291.0,B
947,P84,P,84.0,17,18.0,0.0,0.0,1.0,0.0,17.0,0.0,B
948,R84,R,84.0,1060,356.0,2.0,0.0,17.0,9.0,328.0,0.0,B
949,S84,S,84.0,340,256.0,0.0,0.0,106.0,5.0,144.0,1.0,B
950,T84,T,84.0,30,0.0,0.0,0.0,0.0,0.0,0.0,0.0,B
951,V84,V,84.0,338,1086.0,2.0,90.0,325.0,101.0,568.0,0.0,B
952,W84,W,84.0,395,776.0,1.0,10.0,273.0,16.0,475.0,1.0,B
953,Y84,Y,84.0,292,424.0,0.0,28.0,175.0,112.0,108.0,1.0,B
954,*85,*,85.0,77,0.0,0.0,0.0,0.0,0.0,0.0,0.0,B
955,A85,A,85.0,506,539.0,1.0,1.0,247.0,17.0,269.0,4.0,B
956,C85,C,85.0,530,704.0,2.0,7.0,110.0,66.0,516.0,3.0,B
957,E85,E,85.0,97,8.0,0.0,0.0,0.0,0.0,8.0,0.0,B
958,G85,G,85.0,483,305.0,1.0,0.0,113.0,8.0,183.0,0.0,B
959,H85,H,85.0,12,1.0,0.0,0.0,0.0,0.0,1.0,0.0,B
960,I85,I,85.0,12,1.0,0.0,0.0,0.0,0.0,1.0,0.0,B
961,N85,N,85.0,230,0.0,0.0,0.0,0.0,0.0,0.0,0.0,B
962,P85,P,85.0,3,0.0,0.0,0.0,0.0,0.0,0.0,0.0,B
963,Q85,Q,85.0,92,197.0,0.0,3.0,15.0,5.0,174.0,0.0,B
964,R85,R,85.0,1012,738.0,1.0,91.0,106.0,334.0,204.0,2.0,B
965,S85,S,85.0,326,121.0,0.0,1.0,7.0,92.0,21.0,0.0,B
966,T85,T,85.0,152,104.0,1.0,0.0,93.0,4.0,6.0,0.0,B
967,V85,V,85.0,815,1054.0,0.0,293.0,399.0,177.0,183.0,2.0,B
968,W85,W,85.0,600,438.0,1.0,3.0,254.0,108.0,71.0,1.0,B
969,Y85,Y,85.0,114,136.0,0.0,121.0,5.0,6.0,4.0,0.0,B
970,*86,*,86.0,21,0.0,0.0,0.0,0.0,0.0,0.0,0.0,S
971,A86,A,86.0,1780,2701.0,4.0,277.0,774.0,284.0,1357.0,5.0,S
972,C86,C,86.0,89,342.0,0.0,4.0,93.0,3.0,242.0,0.0,S
973,E86,E,86.0,119,329.0,1.0,1.0,62.0,7.0,257.0,1.0,S
974,F86,F,86.0,26,0.0,0.0,0.0,0.0,0.0,0.0,0.0,S
975,G86,G,86.0,2076,2663.0,6.0,115.0,862.0,431.0,1163.0,86.0,S
976,H86,H,86.0,6,0.0,0.0,0.0,0.0,0.0,0.0,0.0,S
977,I86,I,86.0,38,205.0,0.0,92.0,9.0,5.0,99.0,0.0,S
978,L86,L,86.0,1322,1149.0,2.0,48.0,386.0,123.0,588.0,2.0,S
979,M86,M,86.0,126,106.0,0.0,0.0,14.0,1.0,91.0,0.0,S
980,N86,N,86.0,3,0.0,0.0,0.0,0.0,0.0,0.0,0.0,S
981,P86,P,86.0,282,450.0,0.0,1.0,276.0,5.0,165.0,3.0,S
982,Q86,Q,86.0,758,720.0,2.0,8.0,258.0,12.0,362.0,78.0,S
983,R86,R,86.0,2512,1015.0,3.0,180.0,363.0,16.0,452.0,1.0,S
984,T86,T,86.0,485,790.0,2.0,5.0,201.0,9.0,409.0,164.0,S
985,V86,V,86.0,899,2630.0,4.0,99.0,1176.0,204.0,1134.0,13.0,S
986,Y86,Y,86.0,379,667.0,0.0,4.0,193.0,162.0,306.0,2.0,S
987,*87,*,87.0,19,0.0,0.0,0.0,0.0,0.0,0.0,0.0,S
988,A87,A,87.0,26,0.0,0.0,0.0,0.0,0.0,0.0,0.0,S
989,D87,D,87.0,208,308.0,0.0,3.0,15.0,71.0,219.0,0.0,S
990,G87,G,87.0,147,171.0,0.0,1.0,6.0,62.0,101.0,1.0,S
991,H87,H,87.0,780,1382.0,5.0,143.0,398.0,181.0,653.0,2.0,S
992,I87,I,87.0,641,1130.0,1.0,94.0,251.0,266.0,516.0,2.0,S
993,L87,L,87.0,414,1275.0,0.0,105.0,676.0,151.0,341.0,2.0,S
994,M87,M,87.0,636,0.0,0.0,0.0,0.0,0.0,0.0,0.0,S
995,N87,N,87.0,63,82.0,0.0,0.0,73.0,2.0,6.0,1.0,S
996,P87,P,87.0,33,0.0,0.0,0.0,0.0,0.0,0.0,0.0,S
997,Q87,Q,87.0,3,0.0,0.0,0.0,0.0,0.0,0.0,0.0,S
998,R87,R,87.0,546,396.0,0.0,4.0,259.0,6.0,127.0,0.0,S
999,S87,S,87.0,598,308.0,0.0,92.0,10.0,4.0,200.0,2.0,S
1000,T87,T,87.0,179,101.0,0.0,0.0,3.0,42.0,56.0,0.0,S
1001,V87,V,87.0,93,0.0,0.0,0.0,0.0,0.0,0.0,0.0,S
1002,W87,W,87.0,558,1830.0,4.0,112.0,965.0,102.0,640.0,7.0,S
1003,*88,*,88.0,4,0.0,0.0,0.0,0.0,0.0,0.0,0.0,C
1004,A88,A,88.0,1270,447.0,0.0,4.0,148.0,10.0,212.0,73.0,C
1005,C88,C,88.0,979,481.0,2.0,94.0,110.0,229.0,43.0,3.0,C
1006,D88,D,88.0,39,0.0,0.0,0.0,0.0,0.0,0.0,0.0,C
1007,E88,E,88.0,124,0.0,0.0,0.0,0.0,0.0,0.0,0.0,C
1008,G88,G,88.0,505,0.0,0.0,0.0,0.0,0.0,0.0,0.0,C
1009,H88,H,88.0,142,0.0,0.0,0.0,0.0,0.0,0.0,0.0,C
1010,I88,I,88.0,24,0.0,0.0,0.0,0.0,0.0,0.0,0.0,C
1011,K88,K,88.0,176,0.0,0.0,0.0,0.0,0.0,0.0,0.0,C
1012,M88,M,88.0,49,0.0,0.0,0.0,0.0,0.0,0.0,0.0,C
1013,N88,N,88.0,306,0.0,0.0,0.0,0.0,0.0,0.0,0.0,C
1014,P88,P,88.0,48,0.0,0.0,0.0,0.0,0.0,0.0,0.0,C
1015,R88,R,88.0,633,0.0,0.0,0.0,0.0,0.0,0.0,0.0,C
1016,S88,S,88.0,65,0.0,0.0,0.0,0.0,0.0,0.0,0.0,C
1017,V88,V,88.0,128,263.0,1.0,6.0,145.0,2.0,108.0,1.0,C
1018,*89,*,89.0,129,1.0,0.0,0.0,0.0,0.0,1.0,0.0,B
1019,A89,A,89.0,75,0.0,0.0,0.0,0.0,0.0,0.0,0.0,B
1020,E89,E,89.0,28,1.0,0.0,0.0,0.0,1.0,0.0,0.0,B
1021,F89,F,89.0,16,0.0,0.0,0.0,0.0,0.0,0.0,0.0,B
1022,G89,G,89.0,466,640.0,0.0,100.0,121.0,129.0,290.0,0.0,B
1023,H89,H,89.0,153,94.0,0.0,7.0,2.0,3.0,82.0,0.0,B
1024,L89,L,89.0,659,149.0,0.0,4.0,72.0,2.0,70.0,1.0,B
1025,M89,M,89.0,794,435.0,0.0,7.0,228.0,143.0,56.0,1.0,B
1026,N89,N,89.0,3,0.0,0.0,0.0,0.0,0.0,0.0,0.0,B
1027,Q89,Q,89.0,3,0.0,0.0,0.0,0.0,0.0,0.0,0.0,B
1028,R89,R,89.0,478,336.0,0.0,180.0,67.0,15.0,74.0,0.0,B
1029,S89,S,89.0,403,440.0,0.0,125.0,15.0,53.0,245.0,2.0,B
1030,T89,T,89.0,555,118.0,101.0,2.0,5.0,4.0,6.0,0.0,B
1031,V89,V,89.0,336,691.0,2.0,77.0,46.0,119.0,446.0,1.0,B
1032,W89,W,89.0,19,0.0,0.0,0.0,0.0,0.0,0.0,0.0,B
1033,*90,*,90.0,122,0.0,0.0,0.0,0.0,0.0,0.0,0.0,S
1034,A90,A,90.0,397,554.0,1.0,68.0,122.0,170.0,191.0,2.0,S
1035,C90,C,90.0,6,0.0,0.0,0.0,0.0,0.0,0.0,0.0,S
1036,D90,D,90.0,68,0.0,0.0,0.0,0.0,0.0,0.0,0.0,S
1037,E90,E,90.0,447,0.0,0.0,0.0,0.0,0.0,0.0,0.0,S
1038,F90,F,90.0,257,445.0,0.0,3.0,91.0,91.0,259.0,1.0,S
1039,G90,G,90.0,1684,3011.0,5.0,157.0,791.0,777.0,1278.0,3.0,S
1040,K90,K,90.0,14,0.0,0.0,0.0,0.0,0.0,0.0,0.0,S
1041,L90,L,90.0,1480,876.0,0.0,6.0,225.0,304.0,339.0,2.0,S
1042,M90,M,90.0,47,0.0,0.0,0.0,0.0,0.0,0.0,0.0,S
1043,Q90,Q,90.0,254,419.0,1.0,4.0,114.0,11.0,289.0,0.0,S
1044,S90,S,90.0,260,556.0,1.0,7.0,109.0,129.0,308.0,2.0,S
1045,T90,T,90.0,535,967.0,1.0,4.0,294.0,151.0,517.0,0.0,S
1046,V90,V,90.0,1678,2223.0,4.0,103.0,604.0,723.0,786.0,3.0,S
1047,W90,W,90.0,878,2275.0,3.0,15.0,723.0,400.0,1132.0,2.0,S
1048,A91,A,91.0,878,2227.0,5.0,196.0,600.0,498.0,748.0,180.0,B
1049,D91,D,91.0,127,439.0,0.0,2.0,80.0,106.0,250.0,1.0,B
1050,E91,E,91.0,184,0.0,0.0,0.0,0.0,0.0,0.0,0.0,B
1051,G91,G,91.0,286,205.0,1.0,1.0,69.0,0.0,134.0,0.0,B
1052,I91,I,91.0,171,439.0,0.0,4.0,400.0,9.0,26.0,0.0,B
1053,K91,K,91.0,270,109.0,0.0,2.0,2.0,2.0,102.0,1.0,B
1054,S91,S,91.0,15,0.0,0.0,0.0,0.0,0.0,0.0,0.0,B
1055,T91,T,91.0,8,0.0,0.0,0.0,0.0,0.0,0.0,0.0,B
1056,V91,V,91.0,29,1.0,0.0,0.0,1.0,0.0,0.0,0.0,B
1057,W91,W,91.0,148,299.0,1.0,2.0,7.0,195.0,94.0,0.0,B
1058,Y91,Y,91.0,67,118.0,1.0,0.0,8.0,99.0,8.0,2.0,B
1059,*92,*,92.0,122,0.0,0.0,0.0,0.0,0.0,0.0,0.0,C
1060,A92,A,92.0,424,84.0,0.0,0.0,79.0,1.0,4.0,0.0,C
1061,C92,C,92.0,52,0.0,0.0,0.0,0.0,0.0,0.0,0.0,C
1062,D92,D,92.0,76,0.0,0.0,0.0,0.0,0.0,0.0,0.0,C
1063,E92,E,92.0,895,0.0,0.0,0.0,0.0,0.0,0.0,0.0,C
1064,F92,F,92.0,441,396.0,0.0,2.0,216.0,12.0,164.0,2.0,C
1065,G92,G,92.0,482,0.0,0.0,0.0,0.0,0.0,0.0,0.0,C
1066,H92,H,92.0,23,0.0,0.0,0.0,0.0,0.0,0.0,0.0,C
1067,K92,K,92.0,75,0.0,0.0,0.0,0.0,0.0,0.0,0.0,C
1068,M92,M,92.0,15,722.0,1.0,220.0,32.0,84.0,384.0,1.0,C
1069,N92,N,92.0,23,0.0,0.0,0.0,0.0,0.0,0.0,0.0,C
1070,P92,P,92.0,39,0.0,0.0,0.0,0.0,0.0,0.0,0.0,C
1071,Q92,Q,92.0,371,0.0,0.0,0.0,0.0,0.0,0.0,0.0,C
1072,R92,R,92.0,312,2.0,0.0,1.0,0.0,0.0,1.0,0.0,C
1073,S92,S,92.0,327,0.0,0.0,0.0,0.0,0.0,0.0,0.0,C
1074,V92,V,92.0,466,562.0,0.0,2.0,251.0,56.0,250.0,3.0,C
1075,W92,W,92.0,17,0.0,0.0,0.0,0.0,0.0,0.0,0.0,C
1076,*93,*,93.0,6,2.0,0.0,0.0,1.0,0.0,1.0,0.0,IP
1077,A93,A,93.0,724,695.0,2.0,5.0,242.0,111.0,335.0,0.0,IP
1078,C93,C,93.0,313,290.0,0.0,2.0,261.0,5.0,20.0,2.0,IP
1079,D93,D,93.0,95,226.0,0.0,1.0,109.0,4.0,111.0,1.0,IP
1080,G93,G,93.0,394,1143.0,1.0,9.0,191.0,322.0,618.0,2.0,IP
1081,H93,H,93.0,201,206.0,1.0,0.0,187.0,1.0,16.0,1.0,IP
1082,L93,L,93.0,286,0.0,0.0,0.0,0.0,0.0,0.0,0.0,IP
1083,P93,P,93.0,35,0.0,0.0,0.0,0.0,0.0,0.0,0.0,IP
1084,Q93,Q,93.0,122,248.0,0.0,96.0,134.0,4.0,14.0,0.0,IP
1085,R93,R,93.0,28,0.0,0.0,0.0,0.0,0.0,0.0,0.0,IP
1086,S93,S,93.0,192,90.0,0.0,1.0,5.0,4.0,80.0,0.0,IP
1087,T93,T,93.0,526,708.0,1.0,9.0,176.0,206.0,315.0,1.0,IP
1088,V93,V,93.0,70,42.0,0.0,0.0,2.0,1.0,39.0,0.0,IP
1089,W93,W,93.0,413,229.0,1.0,0.0,11.0,120.0,96.0,1.0,IP
1090,Y93,Y,93.0,423,0.0,0.0,0.0,0.0,0.0,0.0,0.0,IP
1091,*94,*,94.0,157,0.0,0.0,0.0,0.0,0.0,0.0,0.0,S
1092,A94,A,94.0,555,595.0,1.0,2.0,211.0,99.0,207.0,75.0,S
1093,C94,C,94.0,747,1174.0,2.0,6.0,589.0,99.0,476.0,2.0,S
1094,F94,F,94.0,11,0.0,0.0,0.0,0.0,0.0,0.0,0.0,S
1095,G94,G,94.0,813,575.0,0.0,6.0,31.0,108.0,429.0,1.0,S
1096,H94,H,94.0,3,1.0,0.0,0.0,0.0,0.0,1.0,0.0,S
1097,I94,I,94.0,348,765.0,1.0,6.0,307.0,113.0,336.0,2.0,S
1098,K94,K,94.0,104,1.0,0.0,0.0,0.0,1.0,0.0,0.0,S
1099,L94,L,94.0,948,658.0,2.0,2.0,211.0,102.0,340.0,1.0,S
1100,P94,P,94.0,721,119.0,0.0,1.0,5.0,1.0,112.0,0.0,S
1101,Q94,Q,94.0,829,706.0,2.0,3.0,546.0,15.0,138.0,2.0,S
1102,R94,R,94.0,81,8.0,0.0,1.0,0.0,7.0,0.0,0.0,S
1103,S94,S,94.0,1639,1482.0,3.0,4.0,501.0,361.0,548.0,65.0,S
1104,V94,V,94.0,944,1297.0,1.0,4.0,363.0,240.0,686.0,3.0,S
1105,W94,W,94.0,100,170.0,0.0,1.0,9.0,72.0,87.0,1.0,S
1106,A95,A,95.0,910,1033.0,1.0,6.0,495.0,25.0,504.0,2.0,C
1107,C95,C,95.0,120,169.0,0.0,2.0,159.0,2.0,6.0,0.0,C
1108,G95,G,95.0,98,0.0,0.0,0.0,0.0,0.0,0.0,0.0,C
1109,H95,H,95.0,188,64.0,0.0,0.0,4.0,0.0,60.0,0.0,C
1110,I95,I,95.0,20,0.0,0.0,0.0,0.0,0.0,0.0,0.0,C
1111,K95,K,95.0,59,0.0,0.0,0.0,0.0,0.0,0.0,0.0,C
1112,N95,N,95.0,34,0.0,0.0,0.0,0.0,0.0,0.0,0.0,C
1113,Q95,Q,95.0,14,0.0,0.0,0.0,0.0,0.0,0.0,0.0,C
1114,R95,R,95.0,376,81.0,0.0,2.0,4.0,2.0,73.0,0.0,C
1115,S95,S,95.0,717,188.0,0.0,1.0,85.0,6.0,95.0,1.0,C
1116,T95,T,95.0,184,0.0,0.0,0.0,0.0,0.0,0.0,0.0,C
1117,V95,V,95.0,215,61.0,0.0,2.0,0.0,1.0,58.0,0.0,C
1118,W95,W,95.0,27,131.0,0.0,0.0,123.0,1.0,7.0,0.0,C
1119,A96,A,96.0,432,208.0,0.0,2.0,11.0,1.0,193.0,1.0,IP
1120,E96,E,96.0,9,1.0,0.0,0.0,0.0,1.0,0.0,0.0,IP
1121,G96,G,96.0,1651,1287.0,5.0,9.0,307.0,231.0,732.0,3.0,IP
1122,I96,I,96.0,480,859.0,1.0,3.0,95.0,21.0,738.0,1.0,IP
1123,K96,K,96.0,37,0.0,0.0,0.0,0.0,0.0,0.0,0.0,IP
1124,L96,L,96.0,194,0.0,0.0,0.0,0.0,0.0,0.0,0.0,IP
1125,N96,N,96.0,3,0.0,0.0,0.0,0.0,0.0,0.0,0.0,IP
1126,P96,P,96.0,662,246.0,0.0,2.0,7.0,225.0,12.0,0.0,IP
1127,R96,R,96.0,599,636.0,0.0,4.0,328.0,20.0,203.0,81.0,IP
1128,S96,S,96.0,145,393.0,2.0,14.0,102.0,96.0,179.0,0.0,IP
1129,V96,V,96.0,185,246.0,0.0,1.0,65.0,4.0,175.0,1.0,IP
1130,W96,W,96.0,602,601.0,0.0,85.0,131.0,234.0,148.0,3.0,IP
1131,*97,*,97.0,502,408.0,1.0,4.0,89.0,181.0,133.0,0.0,S
1132,D97,D,97.0,3,0.0,0.0,0.0,0.0,0.0,0.0,0.0,S
1133,F97,F,97.0,75,0.0,0.0,0.0,0.0,0.0,0.0,0.0,S
1134,G97,G,97.0,1083,830.0,0.0,40.0,423.0,17.0,350.0,0.0,S
1135,H97,H,97.0,116,89.0,0.0,1.0,2.0,0.0,85.0,1.0,S
1136,L97,L,97.0,1283,1675.0,3.0,226.0,567.0,85.0,791.0,3.0,S
1137,N97,N,97.0,19,0.0,0.0,0.0,0.0,0.0,0.0,0.0,S
1138,P97,P,97.0,177,245.0,1.0,0.0,62.0,8.0,174.0,0.0,S
1139,R97,R,97.0,424,750.0,0.0,156.0,380.0,13.0,200.0,1.0,S
1140,S97,S,97.0,332,222.0,0.0,1.0,7.0,4.0,210.0,0.0,S
1141,T97,T,97.0,613,308.0,0.0,2.0,100.0,91.0,113.0,2.0,S
1142,V97,V,97.0,142,303.0,0.0,3.0,11.0,3.0,285.0,1.0,S
1143,W97,W,97.0,853,830.0,2.0,8.0,364.0,16.0,438.0,2.0,S
1144,Y97,Y,97.0,135,228.0,0.0,2.0,13.0,118.0,95.0,0.0,S
1145,A98,A,98.0,1106,845.0,0.0,59.0,446.0,153.0,185.0,2.0,S
1146,F98,F,98.0,25,95.0,0.0,0.0,90.0,2.0,3.0,0.0,S
1147,G98,G,98.0,2259,2769.0,1.0,19.0,1358.0,238.0,1083.0,70.0,S
1148,I98,I,98.0,41,0.0,0.0,0.0,0.0,0.0,0.0,0.0,S
1149,K98,K,98.0,363,115.0,0.0,1.0,3.0,2.0,109.0,0.0,S
1150,L98,L,98.0,205,103.0,0.0,1.0,94.0,2.0,6.0,0.0,S
1151,M98,M,98.0,408,580.0,2.0,5.0,100.0,181.0,289.0,3.0,S
1152,P98,P,98.0,245,1.0,0.0,0.0,0.0,0.0,1.0,0.0,S
1153,Q98,Q,98.0,810,714.0,1.0,5.0,341.0,57.0,309.0,1.0,S
1154,R98,R,98.0,1670,1401.0,2.0,19.0,433.0,293.0,650.0,4.0,S
1155,S98,S,98.0,80,105.0,0.0,0.0,5.0,1.0,99.0,0.0,S
1156,T98,T,98.0,826,1331.0,3.0,115.0,390.0,429.0,391.0,3.0,S
1157,V98,V,98.0,317,182.0,0.0,1.0,101.0,69.0,11.0,0.0,S
1158,W98,W,98.0,80,61.0,0.0,1.0,2.0,57.0,1.0,0.0,S
1159,Y98,Y,98.0,570,630.0,0.0,3.0,502.0,17.0,108.0,0.0,S
1160,C99,C,99.0,392,700.0,0.0,141.0,294.0,66.0,196.0,3.0,C
1161,D99,D,99.0,281,534.0,1.0,3.0,201.0,17.0,210.0,102.0,C
1162,F99,F,99.0,956,1421.0,2.0,60.0,588.0,34.0,736.0,1.0,C
1163,G99,G,99.0,1799,1933.0,3.0,365.0,253.0,246.0,978.0,88.0,C
1164,H99,H,99.0,587,1.0,0.0,0.0,0.0,0.0,1.0,0.0,C
1165,L99,L,99.0,145,168.0,0.0,1.0,11.0,2.0,154.0,0.0,C
1166,N99,N,99.0,152,263.0,1.0,2.0,117.0,7.0,136.0,0.0,C
1167,P99,P,99.0,305,0.0,0.0,0.0,0.0,0.0,0.0,0.0,C
1168,R99,R,99.0,358,1.0,0.0,0.0,1.0,0.0,0.0,0.0,C
1169,S99,S,99.0,826,940.0,2.0,4.0,375.0,189.0,345.0,25.0,C
1170,T99,T,99.0,3,0.0,0.0,0.0,0.0,0.0,0.0,0.0,C
1171,Y99,Y,99.0,344,520.0,0.0,0.0,179.0,10.0,330.0,1.0,C
1172,D100,D,100.0,61,0.0,0.0,0.0,0.0,0.0,0.0,0.0,IP
1173,E100,E,100.0,533,747.0,1.0,2.0,380.0,184.0,178.0,2.0,IP
1174,F100,F,100.0,63,80.0,0.0,1.0,3.0,74.0,2.0,0.0,IP
1175,G100,G,100.0,461,1100.0,1.0,72.0,319.0,100.0,606.0,2.0,IP
1176,I100,I,100.0,495,509.0,1.0,3.0,86.0,99.0,320.0,0.0,IP
1177,K100,K,100.0,430,616.0,0.0,2.0,196.0,112.0,304.0,2.0,IP
1178,L100,L,100.0,300,72.0,0.0,0.0,68.0,0.0,4.0,0.0,IP
1179,M100,M,100.0,135,197.0,0.0,0.0,180.0,4.0,13.0,0.0,IP
1180,P100,P,100.0,182,0.0,0.0,0.0,0.0,0.0,0.0,0.0,IP
1181,Q100,Q,100.0,251,319.0,1.0,59.0,9.0,4.0,245.0,1.0,IP
1182,R100,R,100.0,1486,1222.0,1.0,11.0,499.0,22.0,667.0,22.0,IP
1183,S100,S,100.0,555,403.0,0.0,1.0,212.0,72.0,118.0,0.0,IP
1184,T100,T,100.0,464,4.0,0.0,0.0,3.0,1.0,0.0,0.0,IP
1185,V100,V,100.0,990,834.0,2.0,2.0,218.0,16.0,594.0,2.0,IP
1186,*101,*,101.0,3,0.0,0.0,0.0,0.0,0.0,0.0,0.0,S
1187,A101,A,101.0,278,351.0,0.0,3.0,174.0,4.0,138.0,32.0,S
1188,G101,G,101.0,584,399.0,0.0,4.0,104.0,9.0,282.0,0.0,S
1189,H101,H,101.0,71,0.0,0.0,0.0,0.0,0.0,0.0,0.0,S
1190,K101,K,101.0,40,0.0,0.0,0.0,0.0,0.0,0.0,0.0,S
1191,L101,L,101.0,461,315.0,0.0,75.0,87.0,6.0,147.0,0.0,S
1192,N101,N,101.0,169,586.0,2.0,5.0,230.0,7.0,342.0,0.0,S
1193,P101,P,101.0,3,0.0,0.0,0.0,0.0,0.0,0.0,0.0,S
1194,R101,R,101.0,953,1577.0,3.0,96.0,635.0,35.0,806.0,2.0,S
1195,S101,S,101.0,139,195.0,0.0,1.0,10.0,169.0,15.0,0.0,S
1196,V101,V,101.0,32,80.0,0.0,2.0,4.0,0.0,74.0,0.0,S
1197,W101,W,101.0,201,0.0,0.0,0.0,0.0,0.0,0.0,0.0,S
1198,*102,*,102.0,182,0.0,0.0,0.0,0.0,0.0,0.0,0.0,B
1199,A102,A,102.0,1021,1729.0,221.0,14.0,682.0,196.0,606.0,10.0,B
1200,C102,C,102.0,283,92.0,0.0,0.0,4.0,83.0,5.0,0.0,B
1201,D102,D,102.0,227,252.0,1.0,2.0,89.0,3.0,156.0,1.0,B
1202,E102,E,102.0,211,266.0,0.0,1.0,56.0,6.0,203.0,0.0,B
1203,F102,F,102.0,9,40.0,1.0,0.0,2.0,0.0,2.0,35.0,B
1204,G102,G,102.0,1479,2338.0,4.0,92.0,802.0,390.0,1043.0,7.0,B
1205,H102,H,102.0,3,0.0,0.0,0.0,0.0,0.0,0.0,0.0,B
1206,K102,K,102.0,112,36.0,0.0,0.0,2.0,2.0,32.0,0.0,B
1207,L102,L,102.0,55,0.0,0.0,0.0,0.0,0.0,0.0,0.0,B
1208,M102,M,102.0,5,0.0,0.0,0.0,0.0,0.0,0.0,0.0,B
1209,N102,N,102.0,34,84.0,0.0,1.0,21.0,2.0,60.0,0.0,B
1210,P102,P,102.0,809,118.0,0.0,107.0,6.0,1.0,3.0,1.0,B
1211,Q102,Q,102.0,936,793.0,0.0,95.0,195.0,14.0,489.0,0.0,B
1212,S102,S,102.0,595,333.0,0.0,3.0,234.0,5.0,91.0,0.0,B
1213,T102,T,102.0,321,253.0,0.0,56.0,174.0,6.0,17.0,0.0,B
1214,V102,V,102.0,391,777.0,2.0,98.0,314.0,96.0,265.0,2.0,B
1215,W102,W,102.0,6,0.0,0.0,0.0,0.0,0.0,0.0,0.0,B
1216,Y102,Y,102.0,55,176.0,0.0,1.0,162.0,3.0,10.0,0.0,B
1217,*103,*,103.0,22,0.0,0.0,0.0,0.0,0.0,0.0,0.0,C
1218,C103,C,103.0,403,795.0,1.0,108.0,199.0,130.0,314.0,43.0,C
1219,D103,D,103.0,31,0.0,0.0,0.0,0.0,0.0,0.0,0.0,C
1220,E103,E,103.0,34,0.0,0.0,0.0,0.0,0.0,0.0,0.0,C
1221,F103,F,103.0,64,128.0,0.0,1.0,31.0,1.0,95.0,0.0,C
1222,G103,G,103.0,1189,472.0,98.0,1.0,296.0,9.0,67.0,1.0,C
1223,H103,H,103.0,211,0.0,0.0,0.0,0.0,0.0,0.0,0.0,C
1224,L103,L,103.0,205,729.0,1.0,5.0,131.0,116.0,476.0,0.0,C
1225,M103,M,103.0,976,2543.0,0.0,212.0,652.0,347.0,1328.0,4.0,C
1226,N103,N,103.0,127,11.0,0.0,0.0,0.0,0.0,11.0,0.0,C
1227,P103,P,103.0,25,0.0,0.0,0.0,0.0,0.0,0.0,0.0,C
1228,Q103,Q,103.0,538,430.0,0.0,3.0,19.0,200.0,112.0,96.0,C
1229,R103,R,103.0,168,0.0,0.0,0.0,0.0,0.0,0.0,0.0,C
1230,S103,S,103.0,78,0.0,0.0,0.0,0.0,0.0,0.0,0.0,C
1231,T103,T,103.0,332,0.0,0.0,0.0,0.0,0.0,0.0,0.0,C
1232,V103,V,103.0,699,984.0,2.0,4.0,304.0,314.0,358.0,2.0,C
1233,W103,W,103.0,223,0.0,0.0,0.0,0.0,0.0,0.0,0.0,C
1234,D104,D,104.0,3,1.0,0.0,0.0,1.0,0.0,0.0,0.0,IP
1235,*105,*,105.0,115,0.0,0.0,0.0,0.0,0.0,0.0,0.0,S
1236,A105,A,105.0,446,1202.0,3.0,14.0,296.0,490.0,397.0,2.0,S
1237,C105,C,105.0,116,0.0,0.0,0.0,0.0,0.0,0.0,0.0,S
1238,D105,D,105.0,644,626.0,1.0,5.0,565.0,12.0,43.0,0.0,S
1239,E105,E,105.0,280,119.0,1.0,1.0,108.0,4.0,5.0,0.0,S
1240,F105,F,105.0,143,17.0,0.0,0.0,14.0,1.0,2.0,0.0,S
1241,G105,G,105.0,1340,2011.0,103.0,173.0,731.0,317.0,513.0,174.0,S
1242,H105,H,105.0,5,0.0,0.0,0.0,0.0,0.0,0.0,0.0,S
1243,L105,L,105.0,1178,879.0,0.0,109.0,248.0,12.0,480.0,30.0,S
1244,N105,N,105.0,68,0.0,0.0,0.0,0.0,0.0,0.0,0.0,S
1245,P105,P,105.0,158,4.0,0.0,0.0,0.0,0.0,4.0,0.0,S
1246,Q105,Q,105.0,208,912.0,0.0,7.0,316.0,177.0,411.0,1.0,S
1247,R105,R,105.0,1975,1206.0,1.0,218.0,388.0,56.0,541.0,2.0,S
1248,S105,S,105.0,585,680.0,2.0,101.0,182.0,14.0,379.0,2.0,S
1249,T105,T,105.0,197,382.0,1.0,2.0,172.0,189.0,16.0,2.0,S
1250,V105,V,105.0,308,407.0,0.0,179.0,126.0,6.0,94.0,2.0,S
1251,W105,W,105.0,482,891.0,2.0,64.0,230.0,150.0,443.0,2.0,S
1252,*106,*,106.0,480,0.0,0.0,0.0,0.0,0.0,0.0,0.0,C
1253,A106,A,106.0,423,424.0,0.0,3.0,180.0,179.0,62.0,0.0,C
1254,C106,C,106.0,180,225.0,0.0,2.0,13.0,5.0,205.0,0.0,C
1255,D106,D,106.0,163,0.0,0.0,0.0,0.0,0.0,0.0,0.0,C
1256,E106,E,106.0,685,598.0,1.0,7.0,383.0,176.0,29.0,2.0,C
1257,F106,F,106.0,52,0.0,0.0,0.0,0.0,0.0,0.0,0.0,C
1258,G106,G,106.0,364,5.0,0.0,0.0,0.0,0.0,0.0,5.0,C
1259,H106,H,106.0,503,190.0,0.0,1.0,84.0,2.0,103.0,0.0,C
1260,K106,K,106.0,88,0.0,0.0,0.0,0.0,0.0,0.0,0.0,C
1261,N106,N,106.0,179,0.0,0.0,0.0,0.0,0.0,0.0,0.0,C
1262,P106,P,106.0,692,0.0,0.0,0.0,0.0,0.0,0.0,0.0,C
1263,Q106,Q,106.0,6,0.0,0.0,0.0,0.0,0.0,0.0,0.0,C
1264,R106,R,106.0,297,0.0,0.0,0.0,0.0,0.0,0.0,0.0,C
1265,S106,S,106.0,161,0.0,0.0,0.0,0.0,0.0,0.0,0.0,C
1266,T106,T,106.0,728,558.0,0.0,84.0,25.0,318.0,131.0,0.0,C
1267,V106,V,106.0,365,159.0,0.0,1.0,59.0,13.0,84.0,2.0,C
1268,A107,A,107.0,826,917.0,1.0,242.0,525.0,15.0,130.0,4.0,C
1269,C107,C,107.0,30,89.0,0.0,2.0,2.0,2.0,83.0,0.0,C
1270,F107,F,107.0,257,0.0,0.0,0.0,0.0,0.0,0.0,0.0,C
1271,H107,H,107.0,99,0.0,0.0,0.0,0.0,0.0,0.0,0.0,C
1272,I107,I,107.0,486,233.0,2.0,1.0,179.0,3.0,48.0,0.0,C
1273,L107,L,107.0,770,190.0,2.0,79.0,24.0,3.0,82.0,0.0,C
1274,P107,P,107.0,1571,78.0,1.0,0.0,75.0,0.0,2.0,0.0,C
1275,Q107,Q,107.0,408,415.0,1.0,5.0,328.0,7.0,74.0,0.0,C
1276,R107,R,107.0,432,1.0,0.0,0.0,0.0,1.0,0.0,0.0,C
1277,S107,S,107.0,636,490.0,1.0,4.0,365.0,96.0,22.0,2.0,C
1278,T107,T,107.0,145,0.0,0.0,0.0,0.0,0.0,0.0,0.0,C
1279,V107,V,107.0,101,0.0,0.0,0.0,0.0,0.0,0.0,0.0,C
1280,W107,W,107.0,14,0.0,0.0,0.0,0.0,0.0,0.0,0.0,C
1281,Y107,Y,107.0,337,472.0,1.0,0.0,117.0,6.0,346.0,2.0,C
1282,*108,*,108.0,74,0.0,0.0,0.0,0.0,0.0,0.0,0.0,IP
1283,A108,A,108.0,349,616.0,0.0,73.0,156.0,25.0,284.0,78.0,IP
1284,E108,E,108.0,173,182.0,1.0,2.0,93.0,6.0,79.0,1.0,IP
1285,F108,F,108.0,353,181.0,0.0,1.0,9.0,2.0,169.0,0.0,IP
1286,G108,G,108.0,1024,1538.0,3.0,153.0,553.0,450.0,378.0,1.0,IP
1287,H108,H,108.0,3,0.0,0.0,0.0,0.0,0.0,0.0,0.0,IP
1288,I108,I,108.0,76,0.0,0.0,0.0,0.0,0.0,0.0,0.0,IP
1289,L108,L,108.0,145,55.0,0.0,0.0,3.0,0.0,52.0,0.0,IP
1290,M108,M,108.0,101,0.0,0.0,0.0,0.0,0.0,0.0,0.0,IP
1291,R108,R,108.0,645,174.0,0.0,1.0,161.0,1.0,11.0,0.0,IP
1292,S108,S,108.0,448,1044.0,2.0,105.0,375.0,429.0,129.0,4.0,IP
1293,T108,T,108.0,219,168.0,0.0,74.0,84.0,2.0,6.0,2.0,IP
1294,V108,V,108.0,180,83.0,0.0,0.0,3.0,1.0,79.0,0.0,IP
1295,W108,W,108.0,182,99.0,0.0,0.0,8.0,2.0,4.0,85.0,IP
1296,Y108,Y,108.0,339,275.0,0.0,94.0,11.0,5.0,165.0,0.0,IP
1297,*109,*,109.0,27,0.0,0.0,0.0,0.0,0.0,0.0,0.0,S
1298,A109,A,109.0,55,0.0,0.0,0.0,0.0,0.0,0.0,0.0,S
1299,C109,C,109.0,91,99.0,0.0,1.0,88.0,6.0,4.0,0.0,S
1300,D109,D,109.0,3,0.0,0.0,0.0,0.0,0.0,0.0,0.0,S
1301,G109,G,109.0,589,506.0,0.0,3.0,377.0,3.0,123.0,0.0,S
1302,H109,H,109.0,141,166.0,0.0,1.0,83.0,2.0,80.0,0.0,S
1303,I109,I,109.0,99,182.0,2.0,0.0,106.0,6.0,67.0,1.0,S
1304,K109,K,109.0,103,101.0,0.0,2.0,58.0,2.0,39.0,0.0,S
1305,L109,L,109.0,413,858.0,0.0,79.0,248.0,224.0,305.0,2.0,S
1306,N109,N,109.0,138,0.0,0.0,0.0,0.0,0.0,0.0,0.0,S
1307,P109,P,109.0,620,141.0,0.0,2.0,4.0,84.0,51.0,0.0,S
1308,Q109,Q,109.0,27,0.0,0.0,0.0,0.0,0.0,0.0,0.0,S
1309,R109,R,109.0,509,357.0,0.0,1.0,130.0,5.0,219.0,2.0,S
1310,S109,S,109.0,915,508.0,98.0,0.0,22.0,84.0,303.0,1.0,S
1311,T109,T,109.0,1799,2080.0,3.0,91.0,401.0,314.0,1268.0,3.0,S
1312,V109,V,109.0,746,893.0,3.0,160.0,332.0,195.0,197.0,6.0,S
1313,W109,W,109.0,4,0.0,0.0,0.0,0.0,0.0,0.0,0.0,S
1314,Y109,Y,109.0,120,1.0,0.0,1.0,0.0,0.0,0.0,0.0,S
1315,C110,C,110.0,3,1.0,0.0,0.0,0.0,1.0,0.0,0.0,C
1316,D110,D,110.0,107,0.0,0.0,0.0,0.0,0.0,0.0,0.0,C
1317,E110,E,110.0,145,0.0,0.0,0.0,0.0,0.0,0.0,0.0,C
1318,R110,R,110.0,260,0.0,0.0,0.0,0.0,0.0,0.0,0.0,C
1319,V110,V,110.0,316,96.0,0.0,0.0,26.0,1.0,68.0,1.0,C
1320,D111,D,111.0,3,0.0,0.0,0.0,0.0,0.0,0.0,0.0,IP
1321,G111,G,111.0,360,559.0,1.0,62.0,259.0,134.0,100.0,3.0,IP
1322,L111,L,111.0,342,214.0,0.0,1.0,170.0,5.0,37.0,1.0,IP
1323,M111,M,111.0,321,70.0,0.0,0.0,2.0,2.0,65.0,1.0,IP
1324,N111,N,111.0,455,599.0,1.0,34.0,170.0,13.0,380.0,1.0,IP
1325,Q111,Q,111.0,3,0.0,0.0,0.0,0.0,0.0,0.0,0.0,IP
1326,R111,R,111.0,758,318.0,1.0,3.0,266.0,7.0,41.0,0.0,IP
1327,S111,S,111.0,13,0.0,0.0,0.0,0.0,0.0,0.0,0.0,IP
1328,T111,T,111.0,38,0.0,0.0,0.0,0.0,0.0,0.0,0.0,IP
1329,V111,V,111.0,1297,1042.0,0.0,9.0,458.0,20.0,554.0,1.0,IP
1330,W111,W,111.0,179,0.0,0.0,0.0,0.0,0.0,0.0,0.0,IP
1331,*112,*,112.0,12,0.0,0.0,0.0,0.0,0.0,0.0,0.0,IP
1332,A112,A,112.0,97,0.0,0.0,0.0,0.0,0.0,0.0,0.0,IP
1333,C112,C,112.0,48,163.0,0.0,1.0,150.0,4.0,8.0,0.0,IP
1334,E112,E,112.0,49,0.0,0.0,0.0,0.0,0.0,0.0,0.0,IP
1335,F112,F,112.0,236,562.0,1.0,49.0,280.0,9.0,219.0,4.0,IP
1336,G112,G,112.0,1060,441.0,0.0,3.0,294.0,10.0,134.0,0.0,IP
1337,H112,H,112.0,41,0.0,0.0,0.0,0.0,0.0,0.0,0.0,IP
1338,I112,I,112.0,34,0.0,0.0,0.0,0.0,0.0,0.0,0.0,IP
1339,M112,M,112.0,58,0.0,0.0,0.0,0.0,0.0,0.0,0.0,IP
1340,N112,N,112.0,270,63.0,0.0,0.0,59.0,0.0,4.0,0.0,IP
1341,R112,R,112.0,55,0.0,0.0,0.0,0.0,0.0,0.0,0.0,IP
1342,S112,S,112.0,35,0.0,0.0,0.0,0.0,0.0,0.0,0.0,IP
1343,T112,T,112.0,100,103.0,0.0,1.0,95.0,3.0,4.0,0.0,IP
1344,V112,V,112.0,460,420.0,3.0,1.0,66.0,8.0,341.0,1.0,IP
1345,*113,*,113.0,703,782.0,0.0,5.0,95.0,13.0,666.0,3.0,B
1346,A113,A,113.0,299,456.0,2.0,5.0,176.0,17.0,255.0,1.0,B
1347,C113,C,113.0,401,491.0,1.0,6.0,120.0,12.0,352.0,0.0,B
1348,D113,D,113.0,40,0.0,0.0,0.0,0.0,0.0,0.0,0.0,B
1349,E113,E,113.0,884,1059.0,1.0,11.0,221.0,180.0,588.0,58.0,B
1350,F113,F,113.0,549,648.0,1.0,6.0,143.0,268.0,228.0,2.0,B
1351,G113,G,113.0,1139,1680.0,3.0,167.0,368.0,340.0,799.0,3.0,B
1352,H113,H,113.0,651,1185.0,2.0,91.0,460.0,103.0,529.0,0.0,B
1353,I113,I,113.0,176,378.0,1.0,1.0,269.0,88.0,18.0,1.0,B
1354,L113,L,113.0,409,708.0,0.0,3.0,161.0,221.0,226.0,97.0,B
1355,M113,M,113.0,75,0.0,0.0,0.0,0.0,0.0,0.0,0.0,B
1356,P113,P,113.0,318,236.0,0.0,2.0,168.0,47.0,17.0,2.0,B
1357,Q113,Q,113.0,220,552.0,1.0,4.0,129.0,275.0,143.0,0.0,B
1358,R113,R,113.0,233,165.0,0.0,55.0,97.0,2.0,11.0,0.0,B
1359,S113,S,113.0,863,890.0,0.0,84.0,279.0,17.0,508.0,2.0,B
1360,T113,T,113.0,3,0.0,0.0,0.0,0.0,0.0,0.0,0.0,B
1361,Y113,Y,113.0,367,312.0,1.0,108.0,9.0,8.0,186.0,0.0,B
1362,*114,*,114.0,87,301.0,0.0,0.0,8.0,7.0,286.0,0.0,B
1363,A114,A,114.0,224,194.0,0.0,3.0,63.0,53.0,75.0,0.0,B
1364,C114,C,114.0,115,182.0,1.0,0.0,101.0,0.0,78.0,2.0,B
1365,D114,D,114.0,168,224.0,0.0,0.0,10.0,5.0,208.0,1.0,B
1366,E114,E,114.0,255,75.0,0.0,1.0,70.0,0.0,3.0,1.0,B
1367,F114,F,114.0,315,574.0,2.0,4.0,183.0,272.0,113.0,0.0,B
1368,G114,G,114.0,469,314.0,1.0,99.0,9.0,8.0,196.0,1.0,B
1369,H114,H,114.0,14,0.0,0.0,0.0,0.0,0.0,0.0,0.0,B
1370,I114,I,114.0,199,53.0,0.0,0.0,51.0,1.0,1.0,0.0,B
1371,M114,M,114.0,95,423.0,0.0,4.0,117.0,201.0,101.0,0.0,B
1372,P114,P,114.0,210,0.0,0.0,0.0,0.0,0.0,0.0,0.0,B
1373,R114,R,114.0,34,0.0,0.0,0.0,0.0,0.0,0.0,0.0,B
1374,S114,S,114.0,640,321.0,0.0,1.0,13.0,142.0,104.0,61.0,B
1375,T114,T,114.0,423,80.0,1.0,0.0,4.0,3.0,72.0,0.0,B
1376,V114,V,114.0,388,625.0,3.0,8.0,162.0,12.0,439.0,1.0,B
1377,W114,W,114.0,29,0.0,0.0,0.0,0.0,0.0,0.0,0.0,B
1378,Y114,Y,114.0,23,91.0,0.0,1.0,4.0,1.0,85.0,0.0,B
1379,A115,A,115.0,91,234.0,1.0,1.0,27.0,6.0,197.0,2.0,S
1380,D115,D,115.0,25,0.0,0.0,0.0,0.0,0.0,0.0,0.0,S
1381,G115,G,115.0,1302,1272.0,3.0,94.0,679.0,165.0,329.0,2.0,S
1382,I115,I,115.0,111,0.0,0.0,0.0,0.0,0.0,0.0,0.0,S
1383,K115,K,115.0,169,210.0,1.0,0.0,15.0,29.0,165.0,0.0,S
1384,P115,P,115.0,19,227.0,0.0,4.0,206.0,7.0,9.0,1.0,S
1385,Q115,Q,115.0,722,704.0,0.0,5.0,575.0,18.0,106.0,0.0,S
1386,R115,R,115.0,30,0.0,0.0,0.0,0.0,0.0,0.0,0.0,S
1387,S115,S,115.0,485,1260.0,1.0,6.0,428.0,191.0,631.0,3.0,S
1388,T115,T,115.0,360,0.0,0.0,0.0,0.0,0.0,0.0,0.0,S
1389,V115,V,115.0,369,183.0,0.0,2.0,12.0,61.0,108.0,0.0,S
1390,*116,*,116.0,283,377.0,1.0,103.0,157.0,5.0,111.0,0.0,IP
1391,A116,A,116.0,79,0.0,0.0,0.0,0.0,0.0,0.0,0.0,IP
1392,C116,C,116.0,175,0.0,0.0,0.0,0.0,0.0,0.0,0.0,IP
1393,D116,D,116.0,3,0.0,0.0,0.0,0.0,0.0,0.0,0.0,IP
1394,F116,F,116.0,463,521.0,3.0,3.0,157.0,79.0,278.0,1.0,IP
1395,G116,G,116.0,801,909.0,2.0,9.0,176.0,309.0,413.0,0.0,IP
1396,H116,H,116.0,104,204.0,1.0,3.0,14.0,4.0,182.0,0.0,IP
1397,L116,L,116.0,345,2.0,0.0,0.0,1.0,1.0,0.0,0.0,IP
1398,M116,M,116.0,179,407.0,0.0,4.0,321.0,5.0,77.0,0.0,IP
1399,N116,N,116.0,129,173.0,0.0,157.0,8.0,1.0,7.0,0.0,IP
1400,P116,P,116.0,36,0.0,0.0,0.0,0.0,0.0,0.0,0.0,IP
1401,R116,R,116.0,407,442.0,1.0,262.0,70.0,5.0,103.0,1.0,IP
1402,S116,S,116.0,498,813.0,1.0,6.0,353.0,12.0,440.0,1.0,IP
1403,T116,T,116.0,89,0.0,0.0,0.0,0.0,0.0,0.0,0.0,IP
1404,V116,V,116.0,72,84.0,0.0,0.0,4.0,3.0,76.0,1.0,IP
1405,W116,W,116.0,630,1032.0,1.0,3.0,114.0,76.0,834.0,4.0,IP
1406,A117,A,117.0,56,121.0,0.0,1.0,16.0,1.0,103.0,0.0,S
1407,C117,C,117.0,137,0.0,0.0,0.0,0.0,0.0,0.0,0.0,S
1408,I117,I,117.0,27,0.0,0.0,0.0,0.0,0.0,0.0,0.0,S
1409,L117,L,117.0,44,32.0,0.0,1.0,30.0,0.0,0.0,1.0,S
1410,N117,N,117.0,13,0.0,0.0,0.0,0.0,0.0,0.0,0.0,S
1411,Q117,Q,117.0,33,269.0,0.0,63.0,178.0,4.0,23.0,1.0,S
1412,R117,R,117.0,3,0.0,0.0,0.0,0.0,0.0,0.0,0.0,S
1413,S117,S,117.0,73,0.0,0.0,0.0,0.0,0.0,0.0,0.0,S
1414,T117,T,117.0,157,111.0,0.0,0.0,42.0,1.0,68.0,0.0,S
1415,V117,V,117.0,974,1117.0,1.0,5.0,676.0,111.0,320.0,4.0,S
1416,W117,W,117.0,336,269.0,0.0,0.0,18.0,145.0,106.0,0.0,S
